certification_no,plan_date,insurer,plan_name,plan_level_raw,geographical_coverage,geo_tier,ward_restriction,ward_tier,provider_restriction,has_deductible,deductible_amount,coinsurance_pct,cost_tier,lifetime_benefit_limit,lifetime_tier,annual_benefit_limit,room_board_per_day,misc_charges_limit,surgeon_complex_limit,psychiatric_limit,no_sublimits,schedule_tier,overall_tier,fields_missing,scrape_status,source_url
S00012-01-000-03,23 June 2023,Bolttech Insurance (Hong Kong) Company Limited,VChoice Voluntary Health Insurance Plan,Standard Plan,Worldwide,tier1,No restriction,tier1,No restriction,N,0,30,tier1,None,tier1,420000,750,14000,50000,30000,,tier2,tier1,,ok,https://www.vhis.gov.hk/doc/certifiedplan/sp/S00012/S00012-01-000-03-PlanDoc-e.pdf
S00013-01-000-02,15 July 2026,AIA International Limited,AIA Voluntary Health Insurance Standard Scheme,Standard Plan,Worldwide,tier1,No restriction,tier1,No restriction,N,0,30,tier1,None,tier1,420000,750,14000,50000,30000,,tier2,tier1,,ok,https://www.vhis.gov.hk/doc/certifiedplan/sp/S00013/S00013-01-000-02-PlanDoc-e.pdf
S00014-01-000-03,26 January 2026,AXA China Region Insurance Company (Hong Kong) Limited,AXA WiseGuard Medical Insurance Plan,Standard Plan,Worldwide,tier1,No restriction,tier1,No restriction,N,0,30,tier1,None,tier1,420000,750,14000,50000,30000,,tier2,tier1,,ok,https://www.vhis.gov.hk/doc/certifiedplan/sp/S00014/S00014-01-000-03-PlanDoc-e.pdf
S00015-01-000-02,1 October 2022,Chubb Life Insurance Company Ltd.,Chubb VHIS - Standard Plan,Standard Plan,Worldwide,tier1,No restriction,tier1,No restriction,N,0,30,tier1,None,tier1,420000,750,14000,50000,30000,,tier2,tier1,,ok,https://www.vhis.gov.hk/doc/certifiedplan/sp/S00015/S00015-01-000-02-PlanDoc-e.pdf
S00016-01-000-02,1 April 2021,China Taiping Insurance (HK) Company Limited,Taiping Voluntary Health Insurance Scheme Standard Plan,Standard Plan,Worldwide,tier1,No restriction,tier1,No restriction,N,0,30,tier1,None,tier1,420000,750,14000,50000,30000,,tier2,tier1,,ok,https://www.vhis.gov.hk/doc/certifiedplan/sp/S00016/S00016-01-000-02-PlanDoc-e.pdf
S00017-01-000-02,1 July 2021,Liberty International Insurance Limited,Liberty Insurance Standard VHIS Plan,Standard Plan,Worldwide,tier1,No restriction,tier1,No restriction,N,0,30,tier1,None,tier1,420000,750,14000,50000,30000,,tier2,tier1,,ok,https://www.vhis.gov.hk/doc/certifiedplan/sp/S00017/S00017-01-000-02-PlanDoc-e.pdf
S00018-01-000-02,1 April 2026,Sun Life Hong Kong Limited,WeHealth,Standard Plan,Worldwide,tier1,No restriction,tier1,No restriction,N,0,30,tier1,None,tier1,420000,750,14000,50000,30000,,tier2,tier1,,ok,https://www.vhis.gov.hk/doc/certifiedplan/sp/S00018/S00018-01-000-02-PlanDoc-e.pdf
S00019-01-000-03,5 November 2024,Dah Sing Insurance Company Limited,Dah Sing Insurance ADVANTAGE VHIS Standard Plan,Standard Plan,Worldwide,tier1,No restriction,tier1,No restriction,N,0,30,tier1,None,tier1,420000,750,14000,50000,30000,,tier2,tier1,,ok,https://www.vhis.gov.hk/doc/certifiedplan/sp/S00019/S00019-01-000-03-PlanDoc-e.pdf
S00020-01-000-02,2 March 2026,Bupa (Asia) Limited,Bupa MyBasic VHIS Plan,Standard Plan,Worldwide,tier1,No restriction,tier1,No restriction,N,0,30,tier1,None,tier1,420000,750,14000,50000,30000,,tier2,tier1,,ok,https://www.vhis.gov.hk/doc/certifiedplan/sp/S00020/S00020-01-000-02-PlanDoc-e.pdf
S00021-01-000-02,1 April 2021,China Life Insurance (Overseas) Company Limited,Guard Your Health Medical Insurance Plan,Standard Plan,Worldwide,tier1,No restriction,tier1,No restriction,N,0,30,tier1,None,tier1,420000,750,14000,50000,30000,,tier2,tier1,,ok,https://www.vhis.gov.hk/doc/certifiedplan/sp/S00021/S00021-01-000-02-PlanDoc-e.pdf
S00022-01-000-02,28 March 2021,BOC Group Life Assurance Company Limited,BOC Life Standard VHIS,Standard Plan,Worldwide,tier1,No restriction,tier1,No restriction,N,0,30,tier1,None,tier1,420000,750,14000,50000,30000,,tier2,tier1,,ok,https://www.vhis.gov.hk/doc/certifiedplan/sp/S00022/S00022-01-000-02-PlanDoc-e.pdf
S00023-01-000-03,29 December 2025,Bowtie Life Insurance Company Limited,Bowtie VHIS Standard,Standard Plan,Worldwide,tier1,No restriction,tier1,No restriction,N,0,30,tier1,None,tier1,420000,750,14000,50000,30000,,tier2,tier1,,ok,https://www.vhis.gov.hk/doc/certifiedplan/sp/S00023/S00023-01-000-03-PlanDoc-e.pdf
S00024-01-000-02,19 March 2021,Zurich Insurance Company Ltd,HealthSure Voluntary Health Insurance Plan,Standard Plan,Worldwide,tier1,No restriction,tier1,No restriction,N,0,30,tier1,None,tier1,420000,750,14000,50000,30000,,tier2,tier1,,ok,https://www.vhis.gov.hk/doc/certifiedplan/sp/S00024/S00024-01-000-02-PlanDoc-e.pdf
S00025-01-000-02,1 January 2026,YF Life Insurance International Limited,TaxVantage Medical Plan,Standard Plan,Worldwide,tier1,No restriction,tier1,No restriction,N,0,30,tier1,None,tier1,420000,750,14000,50000,30000,,tier2,tier1,,ok,https://www.vhis.gov.hk/doc/certifiedplan/sp/S00025/S00025-01-000-02-PlanDoc-e.pdf
S00026-01-000-02,1 October 2025,Prudential Hong Kong Limited,PRUHealth CoreChoice Medical Plan,Standard Plan,Worldwide,tier1,No restriction,tier1,No restriction,N,0,30,tier1,None,tier1,420000,750,14000,,30000,,tier2,tier1,,ok,https://www.vhis.gov.hk/doc/certifiedplan/sp/S00026/S00026-01-000-02-PlanDoc-e.pdf
S00027-01-000-02,1 April 2021,"Asia Insurance Company, Limited",Asia Unique - Family Care,Standard Plan,Worldwide,tier1,No restriction,tier1,No restriction,N,0,30,tier1,None,tier1,420000,750,14000,50000,30000,,tier2,tier1,,ok,https://www.vhis.gov.hk/doc/certifiedplan/sp/S00027/S00027-01-000-02-PlanDoc-e.pdf
S00028-01-000-03,23 November 2025,Chow Tai Fook Life Insurance Co Ltd,''WiseCare'' Medical Insurance Plan,Standard Plan,Worldwide,tier1,No restriction,tier1,No restriction,N,0,30,tier1,None,tier1,420000,750,14000,50000,30000,,tier2,tier1,,ok,https://www.vhis.gov.hk/doc/certifiedplan/sp/S00028/S00028-01-000-03-PlanDoc-e.pdf
S00029-01-000-02,1 April 2021,MSIG Insurance (Hong Kong) Limited,VHIS Standard Care,Standard Plan,Worldwide,tier1,No restriction,tier1,No restriction,N,0,30,tier1,None,tier1,420000,,14000,,30000,,tier2,tier1,,ok,https://www.vhis.gov.hk/doc/certifiedplan/sp/S00029/S00029-01-000-02-PlanDoc-e.pdf
S00030-01-000-02,1 April 2021,Allianz Global Corporate & Specialty SE,Allianz Medical Protect,Standard Plan,Worldwide,tier1,No restriction,tier1,No restriction,,,30,tier3,None,tier1,420000,,14000,,30000,,tier2,tier3,has_deductible,ok,https://www.vhis.gov.hk/doc/certifiedplan/sp/S00030/S00030-01-000-02-PlanDoc-e.pdf
S00031-01-000-02,1 July 2026,CIGNA Worldwide General Insurance Company Limited,Cigna VHIS Series - Standard Plan,Standard Plan,Worldwide,tier1,No restriction,tier1,No restriction,N,0,30,tier1,None,tier1,420000,750,14000,50000,30000,,tier2,tier1,,ok,https://www.vhis.gov.hk/doc/certifiedplan/sp/S00031/S00031-01-000-02-PlanDoc-e.pdf
S00032-01-000-02,1 January 2026,Blue Cross (Asia-Pacific) Insurance Limited,CareForYou Standard Plan for VHIS,Standard Plan,Worldwide,tier1,No restriction,tier1,No restriction,N,0,30,tier1,None,tier1,420000,750,14000,50000,30000,,tier2,tier1,,ok,https://www.vhis.gov.hk/doc/certifiedplan/sp/S00032/S00032-01-000-02-PlanDoc-e.pdf
S00033-01-000-02,22 March 2021,AXA China Region Insurance Company Limited,AXA WiseGuard Medical Insurance Plan,Standard Plan,Worldwide,tier1,No restriction,tier1,No restriction,N,0,30,tier1,None,tier1,420000,750,14000,50000,30000,,tier2,tier1,,ok,https://www.vhis.gov.hk/doc/certifiedplan/sp/S00033/S00033-01-000-02-PlanDoc-e.pdf
S00034-01-000-03,29 June 2026,Manulife (International) Limited,Manulife Shelter VHIS Standard Plan,Standard Plan,Worldwide,tier1,No restriction,tier1,No restriction,N,0,30,tier1,None,tier1,420000,,14000,,30000,,tier2,tier1,,ok,https://www.vhis.gov.hk/doc/certifiedplan/sp/S00034/S00034-01-000-03-PlanDoc-e.pdf
S00035-01-000-02,1 April 2021,Bank of China Group Insurance Company Limited,BOC Standard Voluntary Health Insurance Scheme Certified Plan,Standard Plan,Worldwide,tier1,No restriction,tier1,No restriction,N,0,30,tier1,None,tier1,420000,750,14000,50000,30000,,tier2,tier1,,ok,https://www.vhis.gov.hk/doc/certifiedplan/sp/S00035/S00035-01-000-02-PlanDoc-e.pdf
S00036-01-000-03,2 February 2026,FWD Life Insurance Company (Bermuda) Limited,vCore Medical Plan,Standard Plan,Worldwide,tier1,No restriction,tier1,No restriction,N,0,30,tier1,None,tier1,420000,,14000,,30000,,tier2,tier1,,ok,https://www.vhis.gov.hk/doc/certifiedplan/sp/S00036/S00036-01-000-03-PlanDoc-e.pdf
S00037-01-000-02,29 September 2025,Hong Kong Life Insurance Limited,Health Essential Medical Plan - Standard,Standard Plan,Worldwide,tier1,No restriction,tier1,No restriction,N,0,30,tier1,None,tier1,420000,750,14000,50000,30000,,tier2,tier1,,ok,https://www.vhis.gov.hk/doc/certifiedplan/sp/S00037/S00037-01-000-02-PlanDoc-e.pdf
S00038-01-000-02,22 March 2021,AXA General Insurance Hong Kong Limited,AXA GI WiseGuard Medical Insurance Plan,Standard Plan,Worldwide,tier1,No restriction,tier1,No restriction,N,0,30,tier1,None,tier1,420000,750,14000,50000,30000,,tier2,tier1,,ok,https://www.vhis.gov.hk/doc/certifiedplan/sp/S00038/S00038-01-000-02-PlanDoc-e.pdf
S00039-01-000-02,7 July 2021,China Taiping Life Insurance (Hong Kong) Company Limited,Taiping Life VHIS Standard Plan,Standard Plan,Worldwide,tier1,No restriction,tier1,No restriction,N,0,30,tier1,None,tier1,420000,,14000,,30000,,tier2,tier1,,ok,https://www.vhis.gov.hk/doc/certifiedplan/sp/S00039/S00039-01-000-02-PlanDoc-e.pdf
S00040-01-000-02,30 October 2020,Well Link Life Insurance Company Limited,Well Protect Voluntary Health Insurance Scheme (Standard),Standard Plan,Worldwide,tier1,No restriction,tier1,No restriction,N,0,30,tier1,None,tier1,420000,750,14000,50000,30000,,tier2,tier1,,ok,https://www.vhis.gov.hk/doc/certifiedplan/sp/S00040/S00040-01-000-02-PlanDoc-e.pdf
S00042-01-000-02,29 March 2021,HSBC Life (International) Limited,HSBC Voluntary Health Insurance Standard Plan,Standard Plan,Worldwide,tier1,No restriction,tier1,No restriction,N,0,30,tier1,None,tier1,420000,750,14000,50000,30000,,tier2,tier1,,ok,https://www.vhis.gov.hk/doc/certifiedplan/sp/S00042/S00042-01-000-02-PlanDoc-e.pdf
S00043-01-000-01,1 December 2021,Avo Insurance Company Limited,Avo Voluntary Health Insurance Scheme (Standard) Plan,Standard Plan,Worldwide,tier1,No restriction,tier1,No restriction,N,0,30,tier1,None,tier1,420000,,14000,,30000,,tier2,tier1,,ok,https://www.vhis.gov.hk/doc/certifiedplan/sp/S00043/S00043-01-000-01-PlanDoc-e.pdf
S00044-01-000-03,1 April 2025,Chubb Life Insurance Hong Kong Limited,Chubb VHIS - Standard Plan,Standard Plan,Worldwide,tier1,No restriction,tier1,No restriction,N,0,30,tier1,None,tier1,420000,750,14000,50000,30000,,tier2,tier1,,ok,https://www.vhis.gov.hk/doc/certifiedplan/sp/S00044/S00044-01-000-03-PlanDoc-e.pdf
S00045-01-000-01,21 May 2021,ZA Life Limited,ZA VHIS,Standard Plan,Worldwide,tier1,No restriction,tier1,No restriction,N,0,30,tier1,None,tier1,420000,750,14000,,30000,,tier2,tier1,,ok,https://www.vhis.gov.hk/doc/certifiedplan/sp/S00045/S00045-01-000-01-PlanDoc-e.pdf
F00022-01-000-03,15 July 2026,AIA International Limited,AIA Voluntary Health Insurance Flexi Scheme,Ward (HKD),Worldwide,tier1,No restriction,tier1,No restriction,,,30,tier3,None,tier1,,1100,15000,,33000,,tier2,tier3,has_deductible,ok,https://www.vhis.gov.hk/doc/certifiedplan/fp/F00022/F00022-01-000-03-PlanDoc-e.pdf
F00022-02-000-03,15 July 2026,AIA International Limited,AIA Voluntary Health Insurance Flexi Scheme,Semi-private (HKD),Worldwide,tier1,No restriction,tier1,No restriction,,,30,tier3,None,tier1,,2400,22500,,38000,,tier2,tier3,has_deductible,ok,https://www.vhis.gov.hk/doc/certifiedplan/fp/F00022/F00022-02-000-03-PlanDoc-e.pdf
F00022-03-000-03,15 July 2026,AIA International Limited,AIA Voluntary Health Insurance Flexi Scheme,Standard Private (HKD),Worldwide,tier1,No restriction,tier1,No restriction,,,30,tier3,None,tier1,,4400,30000,,39600,,tier2,tier3,has_deductible,ok,https://www.vhis.gov.hk/doc/certifiedplan/fp/F00022/F00022-03-000-03-PlanDoc-e.pdf
F00022-04-000-03,15 July 2026,AIA International Limited,AIA Voluntary Health Insurance Flexi Scheme,Ward (USD),Worldwide,tier1,No restriction,tier1,No restriction,,,30,tier3,None,tier1,,138,1975,,4340,,tier2,tier3,has_deductible,ok,https://www.vhis.gov.hk/doc/certifiedplan/fp/F00022/F00022-04-000-03-PlanDoc-e.pdf
F00022-05-000-03,15 July 2026,AIA International Limited,AIA Voluntary Health Insurance Flexi Scheme,Semi-private (USD),Worldwide,tier1,No restriction,tier1,No restriction,,,30,tier3,None,tier1,,300,2813,,4750,,tier2,tier3,has_deductible,ok,https://www.vhis.gov.hk/doc/certifiedplan/fp/F00022/F00022-05-000-03-PlanDoc-e.pdf
F00022-06-000-03,15 July 2026,AIA International Limited,AIA Voluntary Health Insurance Flexi Scheme,Standard Private (USD),Worldwide,tier1,No restriction,tier1,No restriction,,,30,tier3,None,tier1,,550,3750,,4950,,tier2,tier3,has_deductible,ok,https://www.vhis.gov.hk/doc/certifiedplan/fp/F00022/F00022-06-000-03-PlanDoc-e.pdf
F00025-01-000-03,15 July 2026,AIA International Limited,AIA Voluntary Health Insurance Prime Scheme,HKD0 Deductible,Limited (see doc),tier2,Restricted (see doc),tier2,No restriction,Y,,30,tier1,Capped (see doc),tier2,420000,750,14000,50000,30000,,tier2,tier2,,ok,https://www.vhis.gov.hk/doc/certifiedplan/fp/F00025/F00025-01-000-03-PlanDoc-e.pdf
F00025-02-000-03,15 July 2026,AIA International Limited,AIA Voluntary Health Insurance Prime Scheme,"HKD16,000 Deductible",Limited (see doc),tier2,Restricted (see doc),tier2,No restriction,Y,,30,tier1,Capped (see doc),tier2,420000,750,14000,50000,30000,,tier2,tier2,,ok,https://www.vhis.gov.hk/doc/certifiedplan/fp/F00025/F00025-02-000-03-PlanDoc-e.pdf
F00025-03-000-03,15 July 2026,AIA International Limited,AIA Voluntary Health Insurance Prime Scheme,"HKD25,000 Deductible",Limited (see doc),tier2,Restricted (see doc),tier2,No restriction,Y,,30,tier1,Capped (see doc),tier2,420000,750,14000,50000,30000,,tier2,tier2,,ok,https://www.vhis.gov.hk/doc/certifiedplan/fp/F00025/F00025-03-000-03-PlanDoc-e.pdf
F00025-04-000-03,15 July 2026,AIA International Limited,AIA Voluntary Health Insurance Prime Scheme,USD0 Deductible,Limited (see doc),tier2,Restricted (see doc),tier2,No restriction,Y,,30,tier1,Capped (see doc),tier2,420000,750,14000,50000,30000,,tier2,tier2,,ok,https://www.vhis.gov.hk/doc/certifiedplan/fp/F00025/F00025-04-000-03-PlanDoc-e.pdf
F00025-05-000-03,15 July 2026,AIA International Limited,AIA Voluntary Health Insurance Prime Scheme,"USD2,000 Deductible",Limited (see doc),tier2,Restricted (see doc),tier2,No restriction,Y,,30,tier1,Capped (see doc),tier2,420000,750,14000,50000,30000,,tier2,tier2,,ok,https://www.vhis.gov.hk/doc/certifiedplan/fp/F00025/F00025-05-000-03-PlanDoc-e.pdf
F00025-06-000-03,15 July 2026,AIA International Limited,AIA Voluntary Health Insurance Prime Scheme,"USD3,125 Deductible",Limited (see doc),tier2,Restricted (see doc),tier2,No restriction,Y,,30,tier1,Capped (see doc),tier2,420000,750,14000,50000,30000,,tier2,tier2,,ok,https://www.vhis.gov.hk/doc/certifiedplan/fp/F00025/F00025-06-000-03-PlanDoc-e.pdf
F00054-01-000-02,15 July 2026,AIA International Limited,AIA Voluntary Health Insurance Privilege Plus Scheme,HKD0 Deductible,Limited (see doc),tier2,Restricted (see doc),tier2,No restriction,Y,,30,tier1,Capped (see doc),tier2,420000,750,14000,50000,30000,,tier2,tier2,,ok,https://www.vhis.gov.hk/doc/certifiedplan/fp/F00054/F00054-01-000-02-PlanDoc-e.pdf
F00054-02-000-02,15 July 2026,AIA International Limited,AIA Voluntary Health Insurance Privilege Plus Scheme,"HKD16,000 Deductible",Limited (see doc),tier2,Restricted (see doc),tier2,No restriction,Y,,30,tier1,Capped (see doc),tier2,420000,750,14000,50000,30000,,tier2,tier2,,ok,https://www.vhis.gov.hk/doc/certifiedplan/fp/F00054/F00054-02-000-02-PlanDoc-e.pdf
F00054-03-000-02,15 July 2026,AIA International Limited,AIA Voluntary Health Insurance Privilege Plus Scheme,"HKD25,000 Deductible",Limited (see doc),tier2,Restricted (see doc),tier2,No restriction,Y,,30,tier1,Capped (see doc),tier2,420000,750,14000,50000,30000,,tier2,tier2,,ok,https://www.vhis.gov.hk/doc/certifiedplan/fp/F00054/F00054-03-000-02-PlanDoc-e.pdf
F00054-04-000-02,15 July 2026,AIA International Limited,AIA Voluntary Health Insurance Privilege Plus Scheme,USD0 Deductible,Limited (see doc),tier2,Restricted (see doc),tier2,No restriction,Y,,30,tier1,Capped (see doc),tier2,420000,750,14000,50000,30000,,tier2,tier2,,ok,https://www.vhis.gov.hk/doc/certifiedplan/fp/F00054/F00054-04-000-02-PlanDoc-e.pdf
F00054-05-000-02,15 July 2026,AIA International Limited,AIA Voluntary Health Insurance Privilege Plus Scheme,"USD2,000 Deductible",Limited (see doc),tier2,Restricted (see doc),tier2,No restriction,Y,,30,tier1,Capped (see doc),tier2,420000,750,14000,50000,30000,,tier2,tier2,,ok,https://www.vhis.gov.hk/doc/certifiedplan/fp/F00054/F00054-05-000-02-PlanDoc-e.pdf
F00054-06-000-02,15 July 2026,AIA International Limited,AIA Voluntary Health Insurance Privilege Plus Scheme,"USD3,125 Deductible",Limited (see doc),tier2,Restricted (see doc),tier2,No restriction,Y,,30,tier1,Capped (see doc),tier2,420000,750,14000,50000,30000,,tier2,tier2,,ok,https://www.vhis.gov.hk/doc/certifiedplan/fp/F00054/F00054-06-000-02-PlanDoc-e.pdf
F00053-01-000-02,15 July 2026,AIA International Limited,AIA Voluntary Health Insurance Privilege Scheme,HKD0 Deductible,Limited (see doc),tier2,Restricted (see doc),tier2,No restriction,Y,,30,tier1,Capped (see doc),tier2,420000,750,14000,50000,30000,,tier2,tier2,,ok,https://www.vhis.gov.hk/doc/certifiedplan/fp/F00053/F00053-01-000-02-PlanDoc-e.pdf
F00053-02-000-02,15 July 2026,AIA International Limited,AIA Voluntary Health Insurance Privilege Scheme,"HKD16,000 Deductible",Limited (see doc),tier2,Restricted (see doc),tier2,No restriction,Y,,30,tier1,Capped (see doc),tier2,420000,750,14000,50000,30000,,tier2,tier2,,ok,https://www.vhis.gov.hk/doc/certifiedplan/fp/F00053/F00053-02-000-02-PlanDoc-e.pdf
F00053-03-000-02,15 July 2026,AIA International Limited,AIA Voluntary Health Insurance Privilege Scheme,"HKD25,000 Deductible",Limited (see doc),tier2,Restricted (see doc),tier2,No restriction,Y,,30,tier1,Capped (see doc),tier2,420000,750,14000,50000,30000,,tier2,tier2,,ok,https://www.vhis.gov.hk/doc/certifiedplan/fp/F00053/F00053-03-000-02-PlanDoc-e.pdf
F00053-04-000-02,15 July 2026,AIA International Limited,AIA Voluntary Health Insurance Privilege Scheme,USD0 Deductible,Limited (see doc),tier2,Restricted (see doc),tier2,No restriction,Y,,30,tier1,Capped (see doc),tier2,420000,750,14000,50000,30000,,tier2,tier2,,ok,https://www.vhis.gov.hk/doc/certifiedplan/fp/F00053/F00053-04-000-02-PlanDoc-e.pdf
F00053-05-000-02,15 July 2026,AIA International Limited,AIA Voluntary Health Insurance Privilege Scheme,"USD2,000 Deductible",Limited (see doc),tier2,Restricted (see doc),tier2,No restriction,Y,,30,tier1,Capped (see doc),tier2,420000,750,14000,50000,30000,,tier2,tier2,,ok,https://www.vhis.gov.hk/doc/certifiedplan/fp/F00053/F00053-05-000-02-PlanDoc-e.pdf
F00053-06-000-02,15 July 2026,AIA International Limited,AIA Voluntary Health Insurance Privilege Scheme,"USD3,125 Deductible",Limited (see doc),tier2,Restricted (see doc),tier2,No restriction,Y,,30,tier1,Capped (see doc),tier2,420000,750,14000,50000,30000,,tier2,tier2,,ok,https://www.vhis.gov.hk/doc/certifiedplan/fp/F00053/F00053-06-000-02-PlanDoc-e.pdf
F00074-01-000-01,15 July 2026,AIA International Limited,AIA Voluntary Health Insurance Privilege Ultra Scheme,HKD0 Deductible (Asia),Limited (see doc),tier2,Restricted (see doc),tier2,No restriction,Y,,30,tier1,Capped (see doc),tier2,420000,750,14000,50000,30000,,tier2,tier2,,ok,https://www.vhis.gov.hk/doc/certifiedplan/fp/F00074/F00074-01-000-01-PlanDoc-e.pdf
F00074-02-000-01,15 July 2026,AIA International Limited,AIA Voluntary Health Insurance Privilege Ultra Scheme,"HKD16,000 Deductible (Asia)",Limited (see doc),tier2,Restricted (see doc),tier2,No restriction,Y,,30,tier1,Capped (see doc),tier2,420000,750,14000,50000,30000,,tier2,tier2,,ok,https://www.vhis.gov.hk/doc/certifiedplan/fp/F00074/F00074-02-000-01-PlanDoc-e.pdf
F00074-03-000-01,15 July 2026,AIA International Limited,AIA Voluntary Health Insurance Privilege Ultra Scheme,"HKD25,000 Deductible (Asia)",Limited (see doc),tier2,Restricted (see doc),tier2,No restriction,Y,,30,tier1,Capped (see doc),tier2,420000,750,14000,50000,30000,,tier2,tier2,,ok,https://www.vhis.gov.hk/doc/certifiedplan/fp/F00074/F00074-03-000-01-PlanDoc-e.pdf
F00074-04-000-01,15 July 2026,AIA International Limited,AIA Voluntary Health Insurance Privilege Ultra Scheme,"HKD50,000 Deductible (Asia)",Limited (see doc),tier2,Restricted (see doc),tier2,No restriction,Y,,30,tier1,Capped (see doc),tier2,420000,750,14000,50000,30000,,tier2,tier2,,ok,https://www.vhis.gov.hk/doc/certifiedplan/fp/F00074/F00074-04-000-01-PlanDoc-e.pdf
F00074-05-000-01,15 July 2026,AIA International Limited,AIA Voluntary Health Insurance Privilege Ultra Scheme,HKD0 Deductible  (Worldwide except USA),Limited (see doc),tier2,Restricted (see doc),tier2,No restriction,Y,,30,tier1,Capped (see doc),tier2,420000,750,14000,50000,30000,,tier2,tier2,,ok,https://www.vhis.gov.hk/doc/certifiedplan/fp/F00074/F00074-05-000-01-PlanDoc-e.pdf
F00074-06-000-01,15 July 2026,AIA International Limited,AIA Voluntary Health Insurance Privilege Ultra Scheme,"HKD16,000 Deductible  (Worldwide except USA)",Limited (see doc),tier2,Restricted (see doc),tier2,No restriction,Y,,30,tier1,Capped (see doc),tier2,420000,750,14000,50000,30000,,tier2,tier2,,ok,https://www.vhis.gov.hk/doc/certifiedplan/fp/F00074/F00074-06-000-01-PlanDoc-e.pdf
F00074-07-000-01,15 July 2026,AIA International Limited,AIA Voluntary Health Insurance Privilege Ultra Scheme,"HKD25,000 Deductible (Worldwide except USA)",Limited (see doc),tier2,Restricted (see doc),tier2,No restriction,Y,,30,tier1,Capped (see doc),tier2,420000,750,14000,50000,30000,,tier2,tier2,,ok,https://www.vhis.gov.hk/doc/certifiedplan/fp/F00074/F00074-07-000-01-PlanDoc-e.pdf
F00074-08-000-01,15 July 2026,AIA International Limited,AIA Voluntary Health Insurance Privilege Ultra Scheme,"HKD50,000 Deductible (Worldwide except USA)",Limited (see doc),tier2,Restricted (see doc),tier2,No restriction,Y,,30,tier1,Capped (see doc),tier2,420000,750,14000,50000,30000,,tier2,tier2,,ok,https://www.vhis.gov.hk/doc/certifiedplan/fp/F00074/F00074-08-000-01-PlanDoc-e.pdf
F00074-09-000-01,15 July 2026,AIA International Limited,AIA Voluntary Health Insurance Privilege Ultra Scheme,USD0 Deductible (Asia),Limited (see doc),tier2,Restricted (see doc),tier2,No restriction,Y,,30,tier1,Capped (see doc),tier2,420000,750,14000,50000,30000,,tier2,tier2,,ok,https://www.vhis.gov.hk/doc/certifiedplan/fp/F00074/F00074-09-000-01-PlanDoc-e.pdf
F00074-10-000-01,15 July 2026,AIA International Limited,AIA Voluntary Health Insurance Privilege Ultra Scheme,"USD2,000 Deductible (Asia)",Limited (see doc),tier2,Restricted (see doc),tier2,No restriction,Y,,30,tier1,Capped (see doc),tier2,420000,750,14000,50000,30000,,tier2,tier2,,ok,https://www.vhis.gov.hk/doc/certifiedplan/fp/F00074/F00074-10-000-01-PlanDoc-e.pdf
F00074-11-000-01,15 July 2026,AIA International Limited,AIA Voluntary Health Insurance Privilege Ultra Scheme,"USD3,125 Deductible (Asia)",Limited (see doc),tier2,Restricted (see doc),tier2,No restriction,Y,,30,tier1,Capped (see doc),tier2,420000,750,14000,50000,30000,,tier2,tier2,,ok,https://www.vhis.gov.hk/doc/certifiedplan/fp/F00074/F00074-11-000-01-PlanDoc-e.pdf
F00074-12-000-01,15 July 2026,AIA International Limited,AIA Voluntary Health Insurance Privilege Ultra Scheme,"USD6,250 Deductible (Asia)",Limited (see doc),tier2,Restricted (see doc),tier2,No restriction,Y,,30,tier1,Capped (see doc),tier2,420000,750,14000,50000,30000,,tier2,tier2,,ok,https://www.vhis.gov.hk/doc/certifiedplan/fp/F00074/F00074-12-000-01-PlanDoc-e.pdf
F00074-13-000-01,15 July 2026,AIA International Limited,AIA Voluntary Health Insurance Privilege Ultra Scheme,USD0 Deductible (Worldwide except USA),Limited (see doc),tier2,Restricted (see doc),tier2,No restriction,Y,,30,tier1,Capped (see doc),tier2,420000,750,14000,50000,30000,,tier2,tier2,,ok,https://www.vhis.gov.hk/doc/certifiedplan/fp/F00074/F00074-13-000-01-PlanDoc-e.pdf
F00074-14-000-01,15 July 2026,AIA International Limited,AIA Voluntary Health Insurance Privilege Ultra Scheme,"USD2,000 Deductible (Worldwide except USA)",Limited (see doc),tier2,Restricted (see doc),tier2,No restriction,Y,,30,tier1,Capped (see doc),tier2,420000,750,14000,50000,30000,,tier2,tier2,,ok,https://www.vhis.gov.hk/doc/certifiedplan/fp/F00074/F00074-14-000-01-PlanDoc-e.pdf
F00074-15-000-01,15 July 2026,AIA International Limited,AIA Voluntary Health Insurance Privilege Ultra Scheme,"USD3,125 Deductible (Worldwide except USA)",Limited (see doc),tier2,Restricted (see doc),tier2,No restriction,Y,,30,tier1,Capped (see doc),tier2,420000,750,14000,50000,30000,,tier2,tier2,,ok,https://www.vhis.gov.hk/doc/certifiedplan/fp/F00074/F00074-15-000-01-PlanDoc-e.pdf
F00074-16-000-01,15 July 2026,AIA International Limited,AIA Voluntary Health Insurance Privilege Ultra Scheme,"USD6,250 Deductible (Worldwide except USA)",Limited (see doc),tier2,Restricted (see doc),tier2,No restriction,Y,,30,tier1,Capped (see doc),tier2,420000,750,14000,50000,30000,,tier2,tier2,,ok,https://www.vhis.gov.hk/doc/certifiedplan/fp/F00074/F00074-16-000-01-PlanDoc-e.pdf
F00081-01-000-01,27 October 2025,AIA International Limited,AIA Voluntary Health Insurance SelectWise Scheme,HKD0 Deductible,Limited (see doc),tier2,Restricted (see doc),tier2,Network restricted,Y,,,tier1,Capped (see doc),tier2,,,,,,,tier3,tier2,,ok,https://www.vhis.gov.hk/doc/certifiedplan/fp/F00081/F00081-01-000-01-PlanDoc-e.pdf
F00081-02-000-01,27 October 2025,AIA International Limited,AIA Voluntary Health Insurance SelectWise Scheme,"HKD8,800 Deductible",Limited (see doc),tier2,Restricted (see doc),tier2,Network restricted,Y,,,tier1,Capped (see doc),tier2,,,,,,,tier3,tier2,,ok,https://www.vhis.gov.hk/doc/certifiedplan/fp/F00081/F00081-02-000-01-PlanDoc-e.pdf
F00081-03-000-01,27 October 2025,AIA International Limited,AIA Voluntary Health Insurance SelectWise Scheme,"HKD18,000 Deductible",Limited (see doc),tier2,Restricted (see doc),tier2,Network restricted,Y,,,tier1,Capped (see doc),tier2,,,,,,,tier3,tier2,,ok,https://www.vhis.gov.hk/doc/certifiedplan/fp/F00081/F00081-03-000-01-PlanDoc-e.pdf
F00081-04-000-01,27 October 2025,AIA International Limited,AIA Voluntary Health Insurance SelectWise Scheme,"HKD30,000 Deductible",Limited (see doc),tier2,Restricted (see doc),tier2,Network restricted,Y,,,tier1,Capped (see doc),tier2,,,,,,,tier3,tier2,,ok,https://www.vhis.gov.hk/doc/certifiedplan/fp/F00081/F00081-04-000-01-PlanDoc-e.pdf
F00081-05-000-01,27 October 2025,AIA International Limited,AIA Voluntary Health Insurance SelectWise Scheme,"HKD55,000 Deductible",Limited (see doc),tier2,Restricted (see doc),tier2,Network restricted,Y,,,tier1,Capped (see doc),tier2,,,,,,,tier3,tier2,,ok,https://www.vhis.gov.hk/doc/certifiedplan/fp/F00081/F00081-05-000-01-PlanDoc-e.pdf
F00081-06-000-01,27 October 2025,AIA International Limited,AIA Voluntary Health Insurance SelectWise Scheme,USD0 Deductible,Limited (see doc),tier2,Restricted (see doc),tier2,Network restricted,Y,,,tier1,Capped (see doc),tier2,,,,,,,tier3,tier2,,ok,https://www.vhis.gov.hk/doc/certifiedplan/fp/F00081/F00081-06-000-01-PlanDoc-e.pdf
F00081-07-000-01,27 October 2025,AIA International Limited,AIA Voluntary Health Insurance SelectWise Scheme,"USD1,100 Deductible",Limited (see doc),tier2,Restricted (see doc),tier2,Network restricted,Y,,,tier1,Capped (see doc),tier2,,,,,,,tier3,tier2,,ok,https://www.vhis.gov.hk/doc/certifiedplan/fp/F00081/F00081-07-000-01-PlanDoc-e.pdf
F00081-08-000-01,27 October 2025,AIA International Limited,AIA Voluntary Health Insurance SelectWise Scheme,"USD2,250 Deductible",Limited (see doc),tier2,Restricted (see doc),tier2,Network restricted,Y,,,tier1,Capped (see doc),tier2,,,,,,,tier3,tier2,,ok,https://www.vhis.gov.hk/doc/certifiedplan/fp/F00081/F00081-08-000-01-PlanDoc-e.pdf
F00081-09-000-01,27 October 2025,AIA International Limited,AIA Voluntary Health Insurance SelectWise Scheme,"USD3,750 Deductible",Limited (see doc),tier2,Restricted (see doc),tier2,Network restricted,Y,,,tier1,Capped (see doc),tier2,,,,,,,tier3,tier2,,ok,https://www.vhis.gov.hk/doc/certifiedplan/fp/F00081/F00081-09-000-01-PlanDoc-e.pdf
F00081-10-000-01,27 October 2025,AIA International Limited,AIA Voluntary Health Insurance SelectWise Scheme,"USD6,875 Deductible",Limited (see doc),tier2,Restricted (see doc),tier2,Network restricted,Y,,,tier1,Capped (see doc),tier2,,,,,,,tier3,tier2,,ok,https://www.vhis.gov.hk/doc/certifiedplan/fp/F00081/F00081-10-000-01-PlanDoc-e.pdf
F00033-01-000-02,1 April 2021,Allianz Global Corporate & Specialty SE,Allianz Ultra Medical Protect,Silver Plan,Limited (see doc),tier2,No restriction,tier1,No restriction,,,20,tier3,None,tier1,500000,,50000,,30000,,tier2,tier3,has_deductible,ok,https://www.vhis.gov.hk/doc/certifiedplan/fp/F00033/F00033-01-000-02-PlanDoc-e.pdf
F00033-01-001-02,1 April 2021,Allianz Global Corporate & Specialty SE,Allianz Ultra Medical Protect,Silver Plan with SMM,Limited (see doc),tier2,No restriction,tier1,No restriction,,,20,tier3,None,tier1,500000,,50000,,30000,,tier2,tier3,has_deductible,ok,https://www.vhis.gov.hk/doc/certifiedplan/fp/F00033/F00033-01-001-02-PlanDoc-e.pdf
F00033-02-000-02,1 April 2021,Allianz Global Corporate & Specialty SE,Allianz Ultra Medical Protect,Gold Plan,Limited (see doc),tier2,No restriction,tier1,No restriction,,,10,tier3,None,tier1,1000000,,100000,,30000,,tier2,tier3,has_deductible,ok,https://www.vhis.gov.hk/doc/certifiedplan/fp/F00033/F00033-02-000-02-PlanDoc-e.pdf
F00033-02-001-02,1 April 2021,Allianz Global Corporate & Specialty SE,Allianz Ultra Medical Protect,Gold Plan with SMM,Limited (see doc),tier2,No restriction,tier1,No restriction,,,10,tier3,None,tier1,1000000,,100000,,30000,,tier2,tier3,has_deductible,ok,https://www.vhis.gov.hk/doc/certifiedplan/fp/F00033/F00033-02-001-02-PlanDoc-e.pdf
F00038-01-000-02,1 April 2021,"Asia Insurance Company, Limited",Asia Elite,Semi-Private Room,Limited (see doc),tier2,Restricted (see doc),tier2,No restriction,N,0,30,tier1,None,tier1,1200000,,,100000,30000,,tier2,tier2,,ok,https://www.vhis.gov.hk/doc/certifiedplan/fp/F00038/F00038-01-000-02-PlanDoc-e.pdf
F00038-02-000-02,1 April 2021,"Asia Insurance Company, Limited",Asia Elite,Standard Private Room,Limited (see doc),tier2,Restricted (see doc),tier2,No restriction,N,0,30,tier1,None,tier1,2000000,,,200000,30000,,tier2,tier2,,ok,https://www.vhis.gov.hk/doc/certifiedplan/fp/F00038/F00038-02-000-02-PlanDoc-e.pdf
F00061-01-000-01,22 November 2021,"Asia Insurance Company, Limited",Asia iCare,Plan 1,Worldwide,tier1,No restriction,tier1,Network restricted,Y,,,tier1,,tier3,,,,,,,tier3,tier1,,ok,https://www.vhis.gov.hk/doc/certifiedplan/fp/F00061/F00061-01-000-01-PlanDoc-e.pdf
F00061-01-001-01,22 November 2021,"Asia Insurance Company, Limited",Asia iCare,Plan 1A with SMM,Worldwide,tier1,No restriction,tier1,Network restricted,Y,,,tier1,,tier3,,,,,,,tier3,tier1,,ok,https://www.vhis.gov.hk/doc/certifiedplan/fp/F00061/F00061-01-001-01-PlanDoc-e.pdf
F00061-02-000-01,22 November 2021,"Asia Insurance Company, Limited",Asia iCare,Plan 2,Worldwide,tier1,No restriction,tier1,Network restricted,Y,,,tier1,,tier3,,,,,,,tier3,tier1,,ok,https://www.vhis.gov.hk/doc/certifiedplan/fp/F00061/F00061-02-000-01-PlanDoc-e.pdf
F00061-02-001-01,22 November 2021,"Asia Insurance Company, Limited",Asia iCare,Plan 2A with SMM,Worldwide,tier1,No restriction,tier1,Network restricted,Y,,,tier1,,tier3,,,,,,,tier3,tier1,,ok,https://www.vhis.gov.hk/doc/certifiedplan/fp/F00061/F00061-02-001-01-PlanDoc-e.pdf
F00061-02-002-01,22 November 2021,"Asia Insurance Company, Limited",Asia iCare,Plan 2B with SMM,Worldwide,tier1,No restriction,tier1,Network restricted,Y,,,tier1,,tier3,,,,,,,tier3,tier1,,ok,https://www.vhis.gov.hk/doc/certifiedplan/fp/F00061/F00061-02-002-01-PlanDoc-e.pdf
F00034-01-000-05,26 January 2026,AXA China Region Insurance Company (Hong Kong) Limited,AXA WiseGuard Pro Medical Insurance Plan,Regular (HKD0 Deductible),Hong Kong/Macau,tier2,Restricted (see doc),tier2,No restriction,Y,,,tier1,None,tier1,5000000,,,,30000,,tier2,tier2,,ok,https://www.vhis.gov.hk/doc/certifiedplan/fp/F00034/F00034-01-000-05-PlanDoc-e.pdf
F00034-02-000-05,26 January 2026,AXA China Region Insurance Company (Hong Kong) Limited,AXA WiseGuard Pro Medical Insurance Plan,"Regular (HKD20,000 Deductible)",Hong Kong/Macau,tier2,Restricted (see doc),tier2,No restriction,Y,,,tier1,None,tier1,5000000,,,,30000,,tier2,tier2,,ok,https://www.vhis.gov.hk/doc/certifiedplan/fp/F00034/F00034-02-000-05-PlanDoc-e.pdf
F00034-03-000-05,26 January 2026,AXA China Region Insurance Company (Hong Kong) Limited,AXA WiseGuard Pro Medical Insurance Plan,"Regular (HKD50,000 Deductible)",Hong Kong/Macau,tier2,Restricted (see doc),tier2,No restriction,Y,,,tier1,None,tier1,5000000,,,,30000,,tier2,tier2,,ok,https://www.vhis.gov.hk/doc/certifiedplan/fp/F00034/F00034-03-000-05-PlanDoc-e.pdf
F00034-04-000-05,26 January 2026,AXA China Region Insurance Company (Hong Kong) Limited,AXA WiseGuard Pro Medical Insurance Plan,Enhance (HKD0 Deductible),Hong Kong/Macau,tier2,Restricted (see doc),tier2,No restriction,Y,,,tier1,None,tier1,25000000,,,,30000,,tier2,tier2,,ok,https://www.vhis.gov.hk/doc/certifiedplan/fp/F00034/F00034-04-000-05-PlanDoc-e.pdf
F00034-05-000-05,26 January 2026,AXA China Region Insurance Company (Hong Kong) Limited,AXA WiseGuard Pro Medical Insurance Plan,"Enhance (HKD20,000 Deductible)",Hong Kong/Macau,tier2,Restricted (see doc),tier2,No restriction,Y,,,tier1,None,tier1,25000000,,,,30000,,tier2,tier2,,ok,https://www.vhis.gov.hk/doc/certifiedplan/fp/F00034/F00034-05-000-05-PlanDoc-e.pdf
F00034-06-000-05,26 January 2026,AXA China Region Insurance Company (Hong Kong) Limited,AXA WiseGuard Pro Medical Insurance Plan,"Enhance (HKD50,000 Deductible)",Hong Kong/Macau,tier2,Restricted (see doc),tier2,No restriction,Y,,,tier1,None,tier1,25000000,,,,30000,,tier2,tier2,,ok,https://www.vhis.gov.hk/doc/certifiedplan/fp/F00034/F00034-06-000-05-PlanDoc-e.pdf
F00034-07-000-05,26 January 2026,AXA China Region Insurance Company (Hong Kong) Limited,AXA WiseGuard Pro Medical Insurance Plan,Premier (HKD0 Deductible),Hong Kong/Macau,tier2,Restricted (see doc),tier2,No restriction,Y,,,tier1,None,tier1,30000000,,,,30000,,tier2,tier2,,ok,https://www.vhis.gov.hk/doc/certifiedplan/fp/F00034/F00034-07-000-05-PlanDoc-e.pdf
F00034-08-000-05,26 January 2026,AXA China Region Insurance Company (Hong Kong) Limited,AXA WiseGuard Pro Medical Insurance Plan,"Premier (HKD20,000 Deductible)",Hong Kong/Macau,tier2,Restricted (see doc),tier2,No restriction,Y,,,tier1,None,tier1,30000000,,,,30000,,tier2,tier2,,ok,https://www.vhis.gov.hk/doc/certifiedplan/fp/F00034/F00034-08-000-05-PlanDoc-e.pdf
F00034-09-000-05,26 January 2026,AXA China Region Insurance Company (Hong Kong) Limited,AXA WiseGuard Pro Medical Insurance Plan,"Premier (HKD50,000 Deductible)",Hong Kong/Macau,tier2,Restricted (see doc),tier2,No restriction,Y,,,tier1,None,tier1,30000000,,,,30000,,tier2,tier2,,ok,https://www.vhis.gov.hk/doc/certifiedplan/fp/F00034/F00034-09-000-05-PlanDoc-e.pdf
F00034-10-000-05,26 January 2026,AXA China Region Insurance Company (Hong Kong) Limited,AXA WiseGuard Pro Medical Insurance Plan,Regular (USD0 Deductible),Hong Kong/Macau,tier2,Restricted (see doc),tier2,No restriction,Y,,,tier1,None,tier1,645161,,,,3898,,tier2,tier2,,ok,https://www.vhis.gov.hk/doc/certifiedplan/fp/F00034/F00034-10-000-05-PlanDoc-e.pdf
F00034-11-000-05,26 January 2026,AXA China Region Insurance Company (Hong Kong) Limited,AXA WiseGuard Pro Medical Insurance Plan,"Regular (USD2,500 Deductible)",Hong Kong/Macau,tier2,Restricted (see doc),tier2,No restriction,Y,,,tier1,None,tier1,645161,,,,3898,,tier2,tier2,,ok,https://www.vhis.gov.hk/doc/certifiedplan/fp/F00034/F00034-11-000-05-PlanDoc-e.pdf
F00034-12-000-05,26 January 2026,AXA China Region Insurance Company (Hong Kong) Limited,AXA WiseGuard Pro Medical Insurance Plan,"Regular (USD6,250 Deductible)",Hong Kong/Macau,tier2,Restricted (see doc),tier2,No restriction,Y,,,tier1,None,tier1,645161,,,,3898,,tier2,tier2,,ok,https://www.vhis.gov.hk/doc/certifiedplan/fp/F00034/F00034-12-000-05-PlanDoc-e.pdf
F00034-13-000-05,26 January 2026,AXA China Region Insurance Company (Hong Kong) Limited,AXA WiseGuard Pro Medical Insurance Plan,Enhance (USD0 Deductible),Hong Kong/Macau,tier2,Restricted (see doc),tier2,No restriction,Y,,,tier1,None,tier1,3225806,,,,3898,,tier2,tier2,,ok,https://www.vhis.gov.hk/doc/certifiedplan/fp/F00034/F00034-13-000-05-PlanDoc-e.pdf
F00034-14-000-05,26 January 2026,AXA China Region Insurance Company (Hong Kong) Limited,AXA WiseGuard Pro Medical Insurance Plan,"Enhance (USD2,500 Deductible)",Hong Kong/Macau,tier2,Restricted (see doc),tier2,No restriction,Y,,,tier1,None,tier1,3225806,,,,3898,,tier2,tier2,,ok,https://www.vhis.gov.hk/doc/certifiedplan/fp/F00034/F00034-14-000-05-PlanDoc-e.pdf
F00034-15-000-05,26 January 2026,AXA China Region Insurance Company (Hong Kong) Limited,AXA WiseGuard Pro Medical Insurance Plan,"Enhance (USD6,250 Deductible)",Hong Kong/Macau,tier2,Restricted (see doc),tier2,No restriction,Y,,,tier1,None,tier1,3225806,,,,3898,,tier2,tier2,,ok,https://www.vhis.gov.hk/doc/certifiedplan/fp/F00034/F00034-15-000-05-PlanDoc-e.pdf
F00034-16-000-05,26 January 2026,AXA China Region Insurance Company (Hong Kong) Limited,AXA WiseGuard Pro Medical Insurance Plan,Premier (USD0 Deductible),Hong Kong/Macau,tier2,Restricted (see doc),tier2,No restriction,Y,,,tier1,None,tier1,3870968,,,,3898,,tier2,tier2,,ok,https://www.vhis.gov.hk/doc/certifiedplan/fp/F00034/F00034-16-000-05-PlanDoc-e.pdf
F00034-17-000-05,26 January 2026,AXA China Region Insurance Company (Hong Kong) Limited,AXA WiseGuard Pro Medical Insurance Plan,"Premier (USD2,500 Deductible)",Hong Kong/Macau,tier2,Restricted (see doc),tier2,No restriction,Y,,,tier1,None,tier1,3870968,,,,3898,,tier2,tier2,,ok,https://www.vhis.gov.hk/doc/certifiedplan/fp/F00034/F00034-17-000-05-PlanDoc-e.pdf
F00034-18-000-05,26 January 2026,AXA China Region Insurance Company (Hong Kong) Limited,AXA WiseGuard Pro Medical Insurance Plan,"Premier (USD6,250 Deductible)",Hong Kong/Macau,tier2,Restricted (see doc),tier2,No restriction,Y,,,tier1,None,tier1,3870968,,,,3898,,tier2,tier2,,ok,https://www.vhis.gov.hk/doc/certifiedplan/fp/F00034/F00034-18-000-05-PlanDoc-e.pdf
F00034-19-000-03,26 January 2026,AXA China Region Insurance Company (Hong Kong) Limited,AXA WiseGuard Pro Medical Insurance Plan,Noble (HKD0 Deductible),Hong Kong/Macau,tier2,Restricted (see doc),tier2,No restriction,Y,,,tier1,None,tier1,40000000,,,,50000,,tier2,tier2,,ok,https://www.vhis.gov.hk/doc/certifiedplan/fp/F00034/F00034-19-000-03-PlanDoc-e.pdf
F00034-20-000-03,26 January 2026,AXA China Region Insurance Company (Hong Kong) Limited,AXA WiseGuard Pro Medical Insurance Plan,"Noble (HKD20,000 Deductible)",Hong Kong/Macau,tier2,Restricted (see doc),tier2,No restriction,Y,,,tier1,None,tier1,40000000,,,,50000,,tier2,tier2,,ok,https://www.vhis.gov.hk/doc/certifiedplan/fp/F00034/F00034-20-000-03-PlanDoc-e.pdf
F00034-21-000-03,26 January 2026,AXA China Region Insurance Company (Hong Kong) Limited,AXA WiseGuard Pro Medical Insurance Plan,"Noble (HKD50,000 Deductible)",Hong Kong/Macau,tier2,Restricted (see doc),tier2,No restriction,Y,,,tier1,None,tier1,40000000,,,,50000,,tier2,tier2,,ok,https://www.vhis.gov.hk/doc/certifiedplan/fp/F00034/F00034-21-000-03-PlanDoc-e.pdf
F00034-22-000-03,26 January 2026,AXA China Region Insurance Company (Hong Kong) Limited,AXA WiseGuard Pro Medical Insurance Plan,Noble (USD0 Deductible),Hong Kong/Macau,tier2,Restricted (see doc),tier2,No restriction,Y,,,tier1,None,tier1,5161290,,,,6494,,tier2,tier2,,ok,https://www.vhis.gov.hk/doc/certifiedplan/fp/F00034/F00034-22-000-03-PlanDoc-e.pdf
F00034-23-000-03,26 January 2026,AXA China Region Insurance Company (Hong Kong) Limited,AXA WiseGuard Pro Medical Insurance Plan,"Noble (USD2,500 Deductible)",Hong Kong/Macau,tier2,Restricted (see doc),tier2,No restriction,Y,,,tier1,None,tier1,5161290,,,,6494,,tier2,tier2,,ok,https://www.vhis.gov.hk/doc/certifiedplan/fp/F00034/F00034-23-000-03-PlanDoc-e.pdf
F00034-24-000-03,26 January 2026,AXA China Region Insurance Company (Hong Kong) Limited,AXA WiseGuard Pro Medical Insurance Plan,"Noble (USD6,250 Deductible)",Hong Kong/Macau,tier2,Restricted (see doc),tier2,No restriction,Y,,,tier1,None,tier1,5161290,,,,6494,,tier2,tier2,,ok,https://www.vhis.gov.hk/doc/certifiedplan/fp/F00034/F00034-24-000-03-PlanDoc-e.pdf
F00017-01-000-04,2 July 2026,AXA China Region Insurance Company (Hong Kong) Limited,Smart Medicare,Regular (HKD),Worldwide,tier1,No restriction,tier1,No restriction,Y,,30,tier1,None,tier1,,800,14000,50000,30000,,tier2,tier1,,ok,https://www.vhis.gov.hk/doc/certifiedplan/fp/F00017/F00017-01-000-04-PlanDoc-e.pdf
F00017-01-001-04,2 July 2026,AXA China Region Insurance Company (Hong Kong) Limited,Smart Medicare,Regular with SMM (HKD),Worldwide,tier1,No restriction,tier1,No restriction,Y,,30,tier1,None,tier1,,800,14000,50000,30000,,tier2,tier1,,ok,https://www.vhis.gov.hk/doc/certifiedplan/fp/F00017/F00017-01-001-04-PlanDoc-e.pdf
F00017-02-000-04,2 July 2026,AXA China Region Insurance Company (Hong Kong) Limited,Smart Medicare,Superior (HKD),Worldwide,tier1,No restriction,tier1,No restriction,Y,,30,tier1,None,tier1,,1600,20000,80000,30000,,tier2,tier1,,ok,https://www.vhis.gov.hk/doc/certifiedplan/fp/F00017/F00017-02-000-04-PlanDoc-e.pdf
F00017-02-001-04,2 July 2026,AXA China Region Insurance Company (Hong Kong) Limited,Smart Medicare,Superior with SMM (HKD),Worldwide,tier1,No restriction,tier1,No restriction,Y,,30,tier1,None,tier1,,1600,20000,80000,30000,,tier2,tier1,,ok,https://www.vhis.gov.hk/doc/certifiedplan/fp/F00017/F00017-02-001-04-PlanDoc-e.pdf
F00017-03-000-04,2 July 2026,AXA China Region Insurance Company (Hong Kong) Limited,Smart Medicare,Premier (HKD),Worldwide,tier1,No restriction,tier1,No restriction,Y,,30,tier1,None,tier1,,4500,35000,160000,30000,,tier2,tier1,,ok,https://www.vhis.gov.hk/doc/certifiedplan/fp/F00017/F00017-03-000-04-PlanDoc-e.pdf
F00017-03-001-04,2 July 2026,AXA China Region Insurance Company (Hong Kong) Limited,Smart Medicare,Premier with SMM (HKD),Worldwide,tier1,No restriction,tier1,No restriction,Y,,30,tier1,None,tier1,,4500,35000,160000,30000,,tier2,tier1,,ok,https://www.vhis.gov.hk/doc/certifiedplan/fp/F00017/F00017-03-001-04-PlanDoc-e.pdf
F00017-04-000-04,2 July 2026,AXA China Region Insurance Company (Hong Kong) Limited,Smart Medicare,Regular (USD),Worldwide,tier1,No restriction,tier1,No restriction,Y,,30,tier1,None,tier1,,100,1820,6495,3898,,tier2,tier1,,ok,https://www.vhis.gov.hk/doc/certifiedplan/fp/F00017/F00017-04-000-04-PlanDoc-e.pdf
F00017-04-001-04,2 July 2026,AXA China Region Insurance Company (Hong Kong) Limited,Smart Medicare,Regular with SMM (USD),Worldwide,tier1,No restriction,tier1,No restriction,Y,,30,tier1,None,tier1,,100,1820,6495,3898,,tier2,tier1,,ok,https://www.vhis.gov.hk/doc/certifiedplan/fp/F00017/F00017-04-001-04-PlanDoc-e.pdf
F00017-05-000-04,2 July 2026,AXA China Region Insurance Company (Hong Kong) Limited,Smart Medicare,Superior (USD),Worldwide,tier1,No restriction,tier1,No restriction,Y,,30,tier1,None,tier1,,200,2500,10390,3898,,tier2,tier1,,ok,https://www.vhis.gov.hk/doc/certifiedplan/fp/F00017/F00017-05-000-04-PlanDoc-e.pdf
F00017-05-001-04,2 July 2026,AXA China Region Insurance Company (Hong Kong) Limited,Smart Medicare,Superior with SMM (USD),Worldwide,tier1,No restriction,tier1,No restriction,Y,,30,tier1,None,tier1,,200,2500,10390,3898,,tier2,tier1,,ok,https://www.vhis.gov.hk/doc/certifiedplan/fp/F00017/F00017-05-001-04-PlanDoc-e.pdf
F00017-06-000-04,2 July 2026,AXA China Region Insurance Company (Hong Kong) Limited,Smart Medicare,Premier (USD),Worldwide,tier1,No restriction,tier1,No restriction,Y,,30,tier1,None,tier1,,570,4380,20000,3898,,tier2,tier1,,ok,https://www.vhis.gov.hk/doc/certifiedplan/fp/F00017/F00017-06-000-04-PlanDoc-e.pdf
F00017-06-001-04,2 July 2026,AXA China Region Insurance Company (Hong Kong) Limited,Smart Medicare,Premier with SMM (USD),Worldwide,tier1,No restriction,tier1,No restriction,Y,,30,tier1,None,tier1,,570,4380,20000,3898,,tier2,tier1,,ok,https://www.vhis.gov.hk/doc/certifiedplan/fp/F00017/F00017-06-001-04-PlanDoc-e.pdf
F00018-01-000-03,2 July 2026,AXA China Region Insurance Company Limited,Smart Medicare,Regular (HKD),Worldwide,tier1,No restriction,tier1,No restriction,Y,,30,tier1,None,tier1,,800,14000,50000,30000,,tier2,tier1,,ok,https://www.vhis.gov.hk/doc/certifiedplan/fp/F00018/F00018-01-000-03-PlanDoc-e.pdf
F00018-01-001-03,2 July 2026,AXA China Region Insurance Company Limited,Smart Medicare,Regular with SMM (HKD),Worldwide,tier1,No restriction,tier1,No restriction,Y,,30,tier1,None,tier1,,800,14000,50000,30000,,tier2,tier1,,ok,https://www.vhis.gov.hk/doc/certifiedplan/fp/F00018/F00018-01-001-03-PlanDoc-e.pdf
F00018-02-000-03,2 July 2026,AXA China Region Insurance Company Limited,Smart Medicare,Superior (HKD),Worldwide,tier1,No restriction,tier1,No restriction,Y,,30,tier1,None,tier1,,1600,20000,80000,30000,,tier2,tier1,,ok,https://www.vhis.gov.hk/doc/certifiedplan/fp/F00018/F00018-02-000-03-PlanDoc-e.pdf
F00018-02-001-03,2 July 2026,AXA China Region Insurance Company Limited,Smart Medicare,Superior with SMM (HKD),Worldwide,tier1,No restriction,tier1,No restriction,Y,,30,tier1,None,tier1,,1600,20000,80000,30000,,tier2,tier1,,ok,https://www.vhis.gov.hk/doc/certifiedplan/fp/F00018/F00018-02-001-03-PlanDoc-e.pdf
F00018-03-000-03,2 July 2026,AXA China Region Insurance Company Limited,Smart Medicare,Premier (HKD),Worldwide,tier1,No restriction,tier1,No restriction,Y,,30,tier1,None,tier1,,4500,35000,160000,30000,,tier2,tier1,,ok,https://www.vhis.gov.hk/doc/certifiedplan/fp/F00018/F00018-03-000-03-PlanDoc-e.pdf
F00018-03-001-03,2 July 2026,AXA China Region Insurance Company Limited,Smart Medicare,Premier with SMM (HKD),Worldwide,tier1,No restriction,tier1,No restriction,Y,,30,tier1,None,tier1,,4500,35000,160000,30000,,tier2,tier1,,ok,https://www.vhis.gov.hk/doc/certifiedplan/fp/F00018/F00018-03-001-03-PlanDoc-e.pdf
F00018-04-000-03,2 July 2026,AXA China Region Insurance Company Limited,Smart Medicare,Regular (USD),Worldwide,tier1,No restriction,tier1,No restriction,Y,,30,tier1,None,tier1,,100,1820,6495,3898,,tier2,tier1,,ok,https://www.vhis.gov.hk/doc/certifiedplan/fp/F00018/F00018-04-000-03-PlanDoc-e.pdf
F00018-04-001-03,2 July 2026,AXA China Region Insurance Company Limited,Smart Medicare,Regular with SMM (USD),Worldwide,tier1,No restriction,tier1,No restriction,Y,,30,tier1,None,tier1,,100,1820,6495,3898,,tier2,tier1,,ok,https://www.vhis.gov.hk/doc/certifiedplan/fp/F00018/F00018-04-001-03-PlanDoc-e.pdf
F00018-05-000-03,2 July 2026,AXA China Region Insurance Company Limited,Smart Medicare,Superior (USD),Worldwide,tier1,No restriction,tier1,No restriction,Y,,30,tier1,None,tier1,,200,2500,10390,3898,,tier2,tier1,,ok,https://www.vhis.gov.hk/doc/certifiedplan/fp/F00018/F00018-05-000-03-PlanDoc-e.pdf
F00018-05-001-03,2 July 2026,AXA China Region Insurance Company Limited,Smart Medicare,Superior with SMM (USD),Worldwide,tier1,No restriction,tier1,No restriction,Y,,30,tier1,None,tier1,,200,2500,10390,3898,,tier2,tier1,,ok,https://www.vhis.gov.hk/doc/certifiedplan/fp/F00018/F00018-05-001-03-PlanDoc-e.pdf
F00018-06-000-03,2 July 2026,AXA China Region Insurance Company Limited,Smart Medicare,Premier (USD),Worldwide,tier1,No restriction,tier1,No restriction,Y,,30,tier1,None,tier1,,570,4380,20000,3898,,tier2,tier1,,ok,https://www.vhis.gov.hk/doc/certifiedplan/fp/F00018/F00018-06-000-03-PlanDoc-e.pdf
F00018-06-001-03,2 July 2026,AXA China Region Insurance Company Limited,Smart Medicare,Premier with SMM (USD),Worldwide,tier1,No restriction,tier1,No restriction,Y,,30,tier1,None,tier1,,570,4380,20000,3898,,tier2,tier1,,ok,https://www.vhis.gov.hk/doc/certifiedplan/fp/F00018/F00018-06-001-03-PlanDoc-e.pdf
F00028-01-000-02,1 April 2021,Bank of China Group Insurance Company Limited,BOC Flexi Voluntary Health Insurance Scheme Certified Plan,Basic plan,Worldwide,tier1,No restriction,tier1,No restriction,Y,,30,tier1,None,tier1,,1450,18000,,40000,,tier2,tier1,,ok,https://www.vhis.gov.hk/doc/certifiedplan/fp/F00028/F00028-01-000-02-PlanDoc-e.pdf
F00028-01-001-02,1 April 2021,Bank of China Group Insurance Company Limited,BOC Flexi Voluntary Health Insurance Scheme Certified Plan,Basic plan with upgraded benefits 1,Worldwide,tier1,No restriction,tier1,No restriction,Y,,30,tier1,None,tier1,,1450,18000,,40000,,tier2,tier1,,ok,https://www.vhis.gov.hk/doc/certifiedplan/fp/F00028/F00028-01-001-02-PlanDoc-e.pdf
F00028-01-002-02,1 April 2021,Bank of China Group Insurance Company Limited,BOC Flexi Voluntary Health Insurance Scheme Certified Plan,Basic plan with upgraded benefits 2,Worldwide,tier1,No restriction,tier1,No restriction,Y,,30,tier1,None,tier1,,1450,18000,,40000,,tier2,tier1,,ok,https://www.vhis.gov.hk/doc/certifiedplan/fp/F00028/F00028-01-002-02-PlanDoc-e.pdf
F00028-01-003-02,1 April 2021,Bank of China Group Insurance Company Limited,BOC Flexi Voluntary Health Insurance Scheme Certified Plan,Basic plan with upgraded benefits 3,Worldwide,tier1,No restriction,tier1,No restriction,Y,,30,tier1,None,tier1,,1450,18000,,40000,,tier2,tier1,,ok,https://www.vhis.gov.hk/doc/certifiedplan/fp/F00028/F00028-01-003-02-PlanDoc-e.pdf
F00028-01-004-02,1 April 2021,Bank of China Group Insurance Company Limited,BOC Flexi Voluntary Health Insurance Scheme Certified Plan,Basic plan with SMM,Worldwide,tier1,No restriction,tier1,No restriction,Y,,30,tier1,None,tier1,,1450,18000,,40000,,tier2,tier1,,ok,https://www.vhis.gov.hk/doc/certifiedplan/fp/F00028/F00028-01-004-02-PlanDoc-e.pdf
F00028-01-005-02,1 April 2021,Bank of China Group Insurance Company Limited,BOC Flexi Voluntary Health Insurance Scheme Certified Plan,Basic plan with SMM & upgraded benefits 1,Worldwide,tier1,No restriction,tier1,No restriction,Y,,30,tier1,None,tier1,,1450,18000,,40000,,tier2,tier1,,ok,https://www.vhis.gov.hk/doc/certifiedplan/fp/F00028/F00028-01-005-02-PlanDoc-e.pdf
F00028-01-006-02,1 April 2021,Bank of China Group Insurance Company Limited,BOC Flexi Voluntary Health Insurance Scheme Certified Plan,Basic plan with SMM & upgraded benefits 2,Worldwide,tier1,No restriction,tier1,No restriction,Y,,30,tier1,None,tier1,,1450,18000,,40000,,tier2,tier1,,ok,https://www.vhis.gov.hk/doc/certifiedplan/fp/F00028/F00028-01-006-02-PlanDoc-e.pdf
F00028-01-007-02,1 April 2021,Bank of China Group Insurance Company Limited,BOC Flexi Voluntary Health Insurance Scheme Certified Plan,Basic plan with SMM & upgraded benefits 3,Worldwide,tier1,No restriction,tier1,No restriction,Y,,30,tier1,None,tier1,,1450,18000,,40000,,tier2,tier1,,ok,https://www.vhis.gov.hk/doc/certifiedplan/fp/F00028/F00028-01-007-02-PlanDoc-e.pdf
F00059-01-000-01,1 January 2026,Blue Cross (Asia-Pacific) Insurance Limited,Blue Cross Dynasty VHIS Plan,HKD0 Deductible (Asia & Australia-New Zealand),Limited (see doc),tier2,Restricted (see doc),tier2,No restriction,Y,,,tier1,Capped (see doc),tier2,10000000,,,,60000,,tier2,tier2,,ok,https://www.vhis.gov.hk/doc/certifiedplan/fp/F00059/F00059-01-000-01-PlanDoc-e.pdf
F00059-02-000-01,1 January 2026,Blue Cross (Asia-Pacific) Insurance Limited,Blue Cross Dynasty VHIS Plan,"HKD20,000 Deductible (Asia & Australia-New Zealand)",Limited (see doc),tier2,Restricted (see doc),tier2,No restriction,Y,,,tier1,Capped (see doc),tier2,10000000,,,,60000,,tier2,tier2,,ok,https://www.vhis.gov.hk/doc/certifiedplan/fp/F00059/F00059-02-000-01-PlanDoc-e.pdf
F00059-03-000-01,1 January 2026,Blue Cross (Asia-Pacific) Insurance Limited,Blue Cross Dynasty VHIS Plan,"HKD40,000 Deductible (Asia & Australia-New Zealand)",Limited (see doc),tier2,Restricted (see doc),tier2,No restriction,Y,,,tier1,Capped (see doc),tier2,10000000,,,,60000,,tier2,tier2,,ok,https://www.vhis.gov.hk/doc/certifiedplan/fp/F00059/F00059-03-000-01-PlanDoc-e.pdf
F00059-04-000-01,1 January 2026,Blue Cross (Asia-Pacific) Insurance Limited,Blue Cross Dynasty VHIS Plan,"HKD80,000 Deductible (Asia & Australia-New Zealand)",Limited (see doc),tier2,Restricted (see doc),tier2,No restriction,Y,,,tier1,Capped (see doc),tier2,10000000,,,,60000,,tier2,tier2,,ok,https://www.vhis.gov.hk/doc/certifiedplan/fp/F00059/F00059-04-000-01-PlanDoc-e.pdf
F00059-05-000-01,1 January 2026,Blue Cross (Asia-Pacific) Insurance Limited,Blue Cross Dynasty VHIS Plan,HKD0 Deductible (Worldwide ),Limited (see doc),tier2,Restricted (see doc),tier2,No restriction,Y,,,tier1,Capped (see doc),tier2,10000000,,,,60000,,tier2,tier2,,ok,https://www.vhis.gov.hk/doc/certifiedplan/fp/F00059/F00059-05-000-01-PlanDoc-e.pdf
F00059-06-000-01,1 January 2026,Blue Cross (Asia-Pacific) Insurance Limited,Blue Cross Dynasty VHIS Plan,"HKD20,000 Deductible (Worldwide )",Limited (see doc),tier2,Restricted (see doc),tier2,No restriction,Y,,,tier1,Capped (see doc),tier2,10000000,,,,60000,,tier2,tier2,,ok,https://www.vhis.gov.hk/doc/certifiedplan/fp/F00059/F00059-06-000-01-PlanDoc-e.pdf
F00059-07-000-01,1 January 2026,Blue Cross (Asia-Pacific) Insurance Limited,Blue Cross Dynasty VHIS Plan,"HKD40,000 Deductible (Worldwide )",Limited (see doc),tier2,Restricted (see doc),tier2,No restriction,Y,,,tier1,Capped (see doc),tier2,10000000,,,,60000,,tier2,tier2,,ok,https://www.vhis.gov.hk/doc/certifiedplan/fp/F00059/F00059-07-000-01-PlanDoc-e.pdf
F00059-08-000-01,1 January 2026,Blue Cross (Asia-Pacific) Insurance Limited,Blue Cross Dynasty VHIS Plan,"HKD80,000 Deductible (Worldwide )",Limited (see doc),tier2,Restricted (see doc),tier2,No restriction,Y,,,tier1,Capped (see doc),tier2,10000000,,,,60000,,tier2,tier2,,ok,https://www.vhis.gov.hk/doc/certifiedplan/fp/F00059/F00059-08-000-01-PlanDoc-e.pdf
F00073-01-000-01,1 January 2026,Blue Cross (Asia-Pacific) Insurance Limited,Blue Cross Love Yourself VHIS Plan,HKD0 Deductible (Asia & Australia-New Zealand),Limited (see doc),tier2,Restricted (see doc),tier2,No restriction,Y,,,tier1,Capped (see doc),tier2,6000000,,,,40000,,tier2,tier2,,ok,https://www.vhis.gov.hk/doc/certifiedplan/fp/F00073/F00073-01-000-01-PlanDoc-e.pdf
F00073-02-000-01,1 January 2026,Blue Cross (Asia-Pacific) Insurance Limited,Blue Cross Love Yourself VHIS Plan,"HKD20,000 Deductible (Asia & Australia-New Zealand)",Limited (see doc),tier2,Restricted (see doc),tier2,No restriction,Y,,,tier1,Capped (see doc),tier2,,,,,,,tier3,tier2,,ok,https://www.vhis.gov.hk/doc/certifiedplan/fp/F00073/F00073-02-000-01-PlanDoc-e.pdf
F00073-03-000-01,1 January 2026,Blue Cross (Asia-Pacific) Insurance Limited,Blue Cross Love Yourself VHIS Plan,"HKD40,000 Deductible (Asia & Australia-New Zealand)",Limited (see doc),tier2,Restricted (see doc),tier2,No restriction,Y,,,tier1,Capped (see doc),tier2,,,,,,,tier3,tier2,,ok,https://www.vhis.gov.hk/doc/certifiedplan/fp/F00073/F00073-03-000-01-PlanDoc-e.pdf
F00073-04-000-01,1 January 2026,Blue Cross (Asia-Pacific) Insurance Limited,Blue Cross Love Yourself VHIS Plan,"HKD80,000 Deductible (Asia & Australia-New Zealand)",Limited (see doc),tier2,Restricted (see doc),tier2,No restriction,Y,,,tier1,Capped (see doc),tier2,,,,,,,tier3,tier2,,ok,https://www.vhis.gov.hk/doc/certifiedplan/fp/F00073/F00073-04-000-01-PlanDoc-e.pdf
F00073-05-000-01,1 January 2026,Blue Cross (Asia-Pacific) Insurance Limited,Blue Cross Love Yourself VHIS Plan,HKD0 Deductible (Worldwide ),Limited (see doc),tier2,Restricted (see doc),tier2,No restriction,Y,,,tier1,Capped (see doc),tier2,6000000,,,,40000,,tier2,tier2,,ok,https://www.vhis.gov.hk/doc/certifiedplan/fp/F00073/F00073-05-000-01-PlanDoc-e.pdf
F00073-06-000-01,1 January 2026,Blue Cross (Asia-Pacific) Insurance Limited,Blue Cross Love Yourself VHIS Plan,"HKD20,000 Deductible (Worldwide )",Limited (see doc),tier2,Restricted (see doc),tier2,No restriction,Y,,,tier1,Capped (see doc),tier2,6000000,,,,40000,,tier2,tier2,,ok,https://www.vhis.gov.hk/doc/certifiedplan/fp/F00073/F00073-06-000-01-PlanDoc-e.pdf
F00073-07-000-01,1 January 2026,Blue Cross (Asia-Pacific) Insurance Limited,Blue Cross Love Yourself VHIS Plan,"HKD40,000 Deductible (Worldwide )",Limited (see doc),tier2,Restricted (see doc),tier2,No restriction,Y,,,tier1,Capped (see doc),tier2,6000000,,,,40000,,tier2,tier2,,ok,https://www.vhis.gov.hk/doc/certifiedplan/fp/F00073/F00073-07-000-01-PlanDoc-e.pdf
F00073-08-000-01,1 January 2026,Blue Cross (Asia-Pacific) Insurance Limited,Blue Cross Love Yourself VHIS Plan,"HKD80,000 Deductible (Worldwide )",Limited (see doc),tier2,Restricted (see doc),tier2,No restriction,Y,,,tier1,Capped (see doc),tier2,6000000,,,,40000,,tier2,tier2,,ok,https://www.vhis.gov.hk/doc/certifiedplan/fp/F00073/F00073-08-000-01-PlanDoc-e.pdf
F00014-01-000-02,1 January 2026,Blue Cross (Asia-Pacific) Insurance Limited,CareForYou Flexi Plan for VHIS,CareForYou,Worldwide,tier1,No restriction,tier1,No restriction,N,0,30,tier1,None,tier1,,1500,22500,80000,30000,,tier2,tier1,,ok,https://www.vhis.gov.hk/doc/certifiedplan/fp/F00014/F00014-01-000-02-PlanDoc-e.pdf
F00043-01-000-02,1 January 2026,Blue Cross (Asia-Pacific) Insurance Limited,CareForYou Super Flexi Plan for VHIS,Plan A,Worldwide,tier1,No restriction,tier1,No restriction,Y,,30,tier1,None,tier1,,4000,42000,,40000,,tier2,tier1,,ok,https://www.vhis.gov.hk/doc/certifiedplan/fp/F00043/F00043-01-000-02-PlanDoc-e.pdf
F00043-01-001-02,1 January 2026,Blue Cross (Asia-Pacific) Insurance Limited,CareForYou Super Flexi Plan for VHIS,Plan A with SMM (No Coinsurance),Worldwide,tier1,No restriction,tier1,No restriction,Y,,30,tier1,None,tier1,,4000,42000,,40000,,tier2,tier1,,ok,https://www.vhis.gov.hk/doc/certifiedplan/fp/F00043/F00043-01-001-02-PlanDoc-e.pdf
F00043-01-002-02,1 January 2026,Blue Cross (Asia-Pacific) Insurance Limited,CareForYou Super Flexi Plan for VHIS,Plan A with SMM (with 20% Coinsurance),Worldwide,tier1,No restriction,tier1,No restriction,Y,,30,tier1,None,tier1,,4000,42000,,40000,,tier2,tier1,,ok,https://www.vhis.gov.hk/doc/certifiedplan/fp/F00043/F00043-01-002-02-PlanDoc-e.pdf
F00043-02-000-02,1 January 2026,Blue Cross (Asia-Pacific) Insurance Limited,CareForYou Super Flexi Plan for VHIS,Plan B,Worldwide,tier1,No restriction,tier1,No restriction,Y,,30,tier1,None,tier1,,2200,27500,,35000,,tier2,tier1,,ok,https://www.vhis.gov.hk/doc/certifiedplan/fp/F00043/F00043-02-000-02-PlanDoc-e.pdf
F00043-02-001-02,1 January 2026,Blue Cross (Asia-Pacific) Insurance Limited,CareForYou Super Flexi Plan for VHIS,Plan B with SMM (No Coinsurance),Worldwide,tier1,No restriction,tier1,No restriction,Y,,30,tier1,None,tier1,,2200,27500,,35000,,tier2,tier1,,ok,https://www.vhis.gov.hk/doc/certifiedplan/fp/F00043/F00043-02-001-02-PlanDoc-e.pdf
F00043-02-002-02,1 January 2026,Blue Cross (Asia-Pacific) Insurance Limited,CareForYou Super Flexi Plan for VHIS,Plan B with SMM (with 20% Coinsurance),Worldwide,tier1,No restriction,tier1,No restriction,Y,,30,tier1,None,tier1,,2200,27500,,35000,,tier2,tier1,,ok,https://www.vhis.gov.hk/doc/certifiedplan/fp/F00043/F00043-02-002-02-PlanDoc-e.pdf
F00043-03-000-02,1 January 2026,Blue Cross (Asia-Pacific) Insurance Limited,CareForYou Super Flexi Plan for VHIS,Plan C,Worldwide,tier1,No restriction,tier1,No restriction,Y,,30,tier1,None,tier1,,1000,22000,,30000,,tier2,tier1,,ok,https://www.vhis.gov.hk/doc/certifiedplan/fp/F00043/F00043-03-000-02-PlanDoc-e.pdf
F00043-03-001-02,1 January 2026,Blue Cross (Asia-Pacific) Insurance Limited,CareForYou Super Flexi Plan for VHIS,Plan C with SMM (No Coinsurance),Worldwide,tier1,No restriction,tier1,No restriction,Y,,30,tier1,None,tier1,,1000,22000,,30000,,tier2,tier1,,ok,https://www.vhis.gov.hk/doc/certifiedplan/fp/F00043/F00043-03-001-02-PlanDoc-e.pdf
F00043-03-002-02,1 January 2026,Blue Cross (Asia-Pacific) Insurance Limited,CareForYou Super Flexi Plan for VHIS,Plan C with SMM (with 20% Coinsurance),Worldwide,tier1,No restriction,tier1,No restriction,Y,,30,tier1,None,tier1,,1000,22000,,30000,,tier2,tier1,,ok,https://www.vhis.gov.hk/doc/certifiedplan/fp/F00043/F00043-03-002-02-PlanDoc-e.pdf
F00043-04-000-02,1 January 2026,Blue Cross (Asia-Pacific) Insurance Limited,CareForYou Super Flexi Plan for VHIS,Plan D with SMM (with 20% Coinsurance),Worldwide,tier1,No restriction,tier1,No restriction,Y,,30,tier1,None,tier1,,800,14000,,30000,,tier2,tier1,,ok,https://www.vhis.gov.hk/doc/certifiedplan/fp/F00043/F00043-04-000-02-PlanDoc-e.pdf
F00057-01-000-02,1 August 2022,BOC Group Life Assurance Company Limited,SmartViva Flexi VHIS,HKD0 Deductible,Limited (see doc),tier2,Restricted (see doc),tier2,No restriction,,,,tier3,None,tier1,33000000,,,,,,tier2,tier3,has_deductible,ok,https://www.vhis.gov.hk/doc/certifiedplan/fp/F00057/F00057-01-000-02-PlanDoc-e.pdf
F00057-02-000-02,1 August 2022,BOC Group Life Assurance Company Limited,SmartViva Flexi VHIS,"HKD10,000 Deductible",Limited (see doc),tier2,Restricted (see doc),tier2,No restriction,,,,tier3,None,tier1,33000000,,,,,,tier2,tier3,has_deductible,ok,https://www.vhis.gov.hk/doc/certifiedplan/fp/F00057/F00057-02-000-02-PlanDoc-e.pdf
F00057-03-000-02,1 August 2022,BOC Group Life Assurance Company Limited,SmartViva Flexi VHIS,"HKD30,000 Deductible",Limited (see doc),tier2,Restricted (see doc),tier2,No restriction,,,,tier3,None,tier1,33000000,,,,,,tier2,tier3,has_deductible,ok,https://www.vhis.gov.hk/doc/certifiedplan/fp/F00057/F00057-03-000-02-PlanDoc-e.pdf
F00057-04-000-02,1 August 2022,BOC Group Life Assurance Company Limited,SmartViva Flexi VHIS,"HKD70,000 Deductible",Limited (see doc),tier2,Restricted (see doc),tier2,No restriction,,,,tier3,None,tier1,33000000,,,,,,tier2,tier3,has_deductible,ok,https://www.vhis.gov.hk/doc/certifiedplan/fp/F00057/F00057-04-000-02-PlanDoc-e.pdf
F00078-01-000-01,1 May 2025,Bolttech Insurance (Hong Kong) Company Limited,VFlexi Voluntary Health Insurance Plan,Plan 1,Worldwide,tier1,No restriction,tier1,No restriction,Y,,30,tier1,None,tier1,,800,15500,75000,30000,,tier2,tier1,,ok,https://www.vhis.gov.hk/doc/certifiedplan/fp/F00078/F00078-01-000-01-PlanDoc-e.pdf
F00078-01-001-01,1 May 2025,Bolttech Insurance (Hong Kong) Company Limited,VFlexi Voluntary Health Insurance Plan,Plan 2,Worldwide,tier1,No restriction,tier1,No restriction,Y,,30,tier1,None,tier1,,800,15500,75000,30000,,tier2,tier1,,ok,https://www.vhis.gov.hk/doc/certifiedplan/fp/F00078/F00078-01-001-01-PlanDoc-e.pdf
F00078-02-000-01,1 May 2025,Bolttech Insurance (Hong Kong) Company Limited,VFlexi Voluntary Health Insurance Plan,Plan 3,Worldwide,tier1,No restriction,tier1,No restriction,Y,,30,tier1,None,tier1,,1550,17500,90000,30000,,tier2,tier1,,ok,https://www.vhis.gov.hk/doc/certifiedplan/fp/F00078/F00078-02-000-01-PlanDoc-e.pdf
F00078-02-001-01,1 May 2025,Bolttech Insurance (Hong Kong) Company Limited,VFlexi Voluntary Health Insurance Plan,Plan 4,Worldwide,tier1,No restriction,tier1,No restriction,Y,,30,tier1,None,tier1,,1550,17500,90000,30000,,tier2,tier1,,ok,https://www.vhis.gov.hk/doc/certifiedplan/fp/F00078/F00078-02-001-01-PlanDoc-e.pdf
F00078-03-000-01,1 May 2025,Bolttech Insurance (Hong Kong) Company Limited,VFlexi Voluntary Health Insurance Plan,Plan 5,Worldwide,tier1,No restriction,tier1,No restriction,Y,,30,tier1,None,tier1,,2880,25750,130500,30000,,tier2,tier1,,ok,https://www.vhis.gov.hk/doc/certifiedplan/fp/F00078/F00078-03-000-01-PlanDoc-e.pdf
F00078-03-001-01,1 May 2025,Bolttech Insurance (Hong Kong) Company Limited,VFlexi Voluntary Health Insurance Plan,Plan 6,Worldwide,tier1,No restriction,tier1,No restriction,Y,,30,tier1,None,tier1,,2880,25750,130500,30000,,tier2,tier1,,ok,https://www.vhis.gov.hk/doc/certifiedplan/fp/F00078/F00078-03-001-01-PlanDoc-e.pdf
F00060-01-000-07,23 March 2026,Bowtie Life Insurance Company Limited,Bowtie Pink VHIS Plan,Semi-Private Room - HKD0 Deductible,Limited (see doc),tier2,Restricted (see doc),tier2,Network restricted,Y,,,tier1,Capped (see doc),tier2,10000000,,,,,,tier2,tier2,,ok,https://www.vhis.gov.hk/doc/certifiedplan/fp/F00060/F00060-01-000-07-PlanDoc-e.pdf
F00060-02-000-07,23 March 2026,Bowtie Life Insurance Company Limited,Bowtie Pink VHIS Plan,"Semi-Private Room - HKD20,000 Deductible",Limited (see doc),tier2,Restricted (see doc),tier2,Network restricted,Y,,,tier1,Capped (see doc),tier2,10000000,,,,,,tier2,tier2,,ok,https://www.vhis.gov.hk/doc/certifiedplan/fp/F00060/F00060-02-000-07-PlanDoc-e.pdf
F00060-03-000-07,23 March 2026,Bowtie Life Insurance Company Limited,Bowtie Pink VHIS Plan,"Semi-Private Room - HKD50,000 Deductible",Limited (see doc),tier2,Restricted (see doc),tier2,Network restricted,Y,,,tier1,Capped (see doc),tier2,10000000,,,,,,tier2,tier2,,ok,https://www.vhis.gov.hk/doc/certifiedplan/fp/F00060/F00060-03-000-07-PlanDoc-e.pdf
F00060-04-000-07,23 March 2026,Bowtie Life Insurance Company Limited,Bowtie Pink VHIS Plan,"Semi-Private Room - HKD80,000 Deductible",Limited (see doc),tier2,Restricted (see doc),tier2,Network restricted,Y,,,tier1,Capped (see doc),tier2,10000000,,,,,,tier2,tier2,,ok,https://www.vhis.gov.hk/doc/certifiedplan/fp/F00060/F00060-04-000-07-PlanDoc-e.pdf
F00060-05-000-07,23 March 2026,Bowtie Life Insurance Company Limited,Bowtie Pink VHIS Plan,Private Room - HKD0 Deductible,Limited (see doc),tier2,Restricted (see doc),tier2,Network restricted,Y,,,tier1,Capped (see doc),tier2,20000000,,,,,,tier2,tier2,,ok,https://www.vhis.gov.hk/doc/certifiedplan/fp/F00060/F00060-05-000-07-PlanDoc-e.pdf
F00060-06-000-07,23 March 2026,Bowtie Life Insurance Company Limited,Bowtie Pink VHIS Plan,"Private Room - HKD20,000 Deductible",Limited (see doc),tier2,Restricted (see doc),tier2,Network restricted,Y,,,tier1,Capped (see doc),tier2,20000000,,,,,,tier2,tier2,,ok,https://www.vhis.gov.hk/doc/certifiedplan/fp/F00060/F00060-06-000-07-PlanDoc-e.pdf
F00060-07-000-07,23 March 2026,Bowtie Life Insurance Company Limited,Bowtie Pink VHIS Plan,"Private Room - HKD50,000 Deductible",Limited (see doc),tier2,Restricted (see doc),tier2,Network restricted,Y,,,tier1,Capped (see doc),tier2,20000000,,,,,,tier2,tier2,,ok,https://www.vhis.gov.hk/doc/certifiedplan/fp/F00060/F00060-07-000-07-PlanDoc-e.pdf
F00060-08-000-07,23 March 2026,Bowtie Life Insurance Company Limited,Bowtie Pink VHIS Plan,"Private Room - HKD80,000 Deductible",Limited (see doc),tier2,Restricted (see doc),tier2,Network restricted,Y,,,tier1,Capped (see doc),tier2,20000000,,,,,,tier2,tier2,,ok,https://www.vhis.gov.hk/doc/certifiedplan/fp/F00060/F00060-08-000-07-PlanDoc-e.pdf
F00060-09-000-04,23 March 2026,Bowtie Life Insurance Company Limited,Bowtie Pink VHIS Plan,Ward Room - HKD0 Deductible,Limited (see doc),tier2,Restricted (see doc),tier2,Network restricted,Y,,,tier1,Capped (see doc),tier2,8000000,,,,,,tier2,tier2,,ok,https://www.vhis.gov.hk/doc/certifiedplan/fp/F00060/F00060-09-000-04-PlanDoc-e.pdf
F00060-10-000-04,23 March 2026,Bowtie Life Insurance Company Limited,Bowtie Pink VHIS Plan,"Ward Room - HKD20,000 Deductible",Limited (see doc),tier2,Restricted (see doc),tier2,Network restricted,Y,,,tier1,Capped (see doc),tier2,8000000,,,,,,tier2,tier2,,ok,https://www.vhis.gov.hk/doc/certifiedplan/fp/F00060/F00060-10-000-04-PlanDoc-e.pdf
F00060-11-000-04,23 March 2026,Bowtie Life Insurance Company Limited,Bowtie Pink VHIS Plan,"Ward Room - HKD50,000 Deductible",Limited (see doc),tier2,Restricted (see doc),tier2,Network restricted,Y,,,tier1,Capped (see doc),tier2,8000000,,,,,,tier2,tier2,,ok,https://www.vhis.gov.hk/doc/certifiedplan/fp/F00060/F00060-11-000-04-PlanDoc-e.pdf
F00060-12-000-04,23 March 2026,Bowtie Life Insurance Company Limited,Bowtie Pink VHIS Plan,"Ward Room - HKD80,000 Deductible",Limited (see doc),tier2,Restricted (see doc),tier2,Network restricted,Y,,,tier1,Capped (see doc),tier2,8000000,,,,,,tier2,tier2,,ok,https://www.vhis.gov.hk/doc/certifiedplan/fp/F00060/F00060-12-000-04-PlanDoc-e.pdf
F00031-01-000-08,23 March 2026,Bowtie Life Insurance Company Limited,Bowtie VHIS Flexi,Regular,Worldwide,tier1,No restriction,tier1,No restriction,Y,,30,tier1,None,tier1,600000,1200,18000,62000,30000,,tier2,tier1,,ok,https://www.vhis.gov.hk/doc/certifiedplan/fp/F00031/F00031-01-000-08-PlanDoc-e.pdf
F00031-02-000-08,23 March 2026,Bowtie Life Insurance Company Limited,Bowtie VHIS Flexi,Plus,Worldwide,tier1,No restriction,tier1,No restriction,Y,,30,tier1,None,tier1,1000000,2300,26000,90000,37500,,tier2,tier1,,ok,https://www.vhis.gov.hk/doc/certifiedplan/fp/F00031/F00031-02-000-08-PlanDoc-e.pdf
F00040-01-000-05,2 March 2026,Bupa (Asia) Limited,Bupa Hero VHIS Plan,Advance (HKD0 Deductible),Limited (see doc),tier2,Restricted (see doc),tier2,No restriction,Y,,,tier1,None,tier1,25000000,,,,,,tier2,tier2,,ok,https://www.vhis.gov.hk/doc/certifiedplan/fp/F00040/F00040-01-000-05-PlanDoc-e.pdf
F00040-02-000-05,2 March 2026,Bupa (Asia) Limited,Bupa Hero VHIS Plan,"Advance (HKD12,000 Deductible)",Limited (see doc),tier2,Restricted (see doc),tier2,No restriction,Y,,,tier1,None,tier1,25000000,,,,,,tier2,tier2,,ok,https://www.vhis.gov.hk/doc/certifiedplan/fp/F00040/F00040-02-000-05-PlanDoc-e.pdf
F00040-03-000-05,2 March 2026,Bupa (Asia) Limited,Bupa Hero VHIS Plan,"Advance (HKD40,000 Deductible)",Limited (see doc),tier2,Restricted (see doc),tier2,No restriction,Y,,,tier1,None,tier1,25000000,,,,,,tier2,tier2,,ok,https://www.vhis.gov.hk/doc/certifiedplan/fp/F00040/F00040-03-000-05-PlanDoc-e.pdf
F00040-04-000-05,2 March 2026,Bupa (Asia) Limited,Bupa Hero VHIS Plan,"Advance (HKD80,000 Deductible)",Limited (see doc),tier2,Restricted (see doc),tier2,No restriction,Y,,,tier1,None,tier1,25000000,,,,,,tier2,tier2,,ok,https://www.vhis.gov.hk/doc/certifiedplan/fp/F00040/F00040-04-000-05-PlanDoc-e.pdf
F00040-05-000-05,2 March 2026,Bupa (Asia) Limited,Bupa Hero VHIS Plan,Deluxe (HKD0 Deductible),Limited (see doc),tier2,Restricted (see doc),tier2,No restriction,Y,,,tier1,None,tier1,35000000,,,,,,tier2,tier2,,ok,https://www.vhis.gov.hk/doc/certifiedplan/fp/F00040/F00040-05-000-05-PlanDoc-e.pdf
F00040-06-000-05,2 March 2026,Bupa (Asia) Limited,Bupa Hero VHIS Plan,"Deluxe (HKD12,000 Deductible)",Limited (see doc),tier2,Restricted (see doc),tier2,No restriction,Y,,,tier1,None,tier1,35000000,,,,,,tier2,tier2,,ok,https://www.vhis.gov.hk/doc/certifiedplan/fp/F00040/F00040-06-000-05-PlanDoc-e.pdf
F00040-07-000-05,2 March 2026,Bupa (Asia) Limited,Bupa Hero VHIS Plan,"Deluxe (HKD40,000 Deductible)",Limited (see doc),tier2,Restricted (see doc),tier2,No restriction,Y,,,tier1,None,tier1,35000000,,,,,,tier2,tier2,,ok,https://www.vhis.gov.hk/doc/certifiedplan/fp/F00040/F00040-07-000-05-PlanDoc-e.pdf
F00040-08-000-05,2 March 2026,Bupa (Asia) Limited,Bupa Hero VHIS Plan,"Deluxe (HKD80,000 Deductible)",Limited (see doc),tier2,Restricted (see doc),tier2,No restriction,Y,,,tier1,None,tier1,35000000,,,,,,tier2,tier2,,ok,https://www.vhis.gov.hk/doc/certifiedplan/fp/F00040/F00040-08-000-05-PlanDoc-e.pdf
F00040-09-000-03,2 March 2026,Bupa (Asia) Limited,Bupa Hero VHIS Plan,Advance Pro (HKD0 Deductible),Limited (see doc),tier2,Restricted (see doc),tier2,No restriction,Y,,,tier1,None,tier1,30000000,,,,,,tier2,tier2,,ok,https://www.vhis.gov.hk/doc/certifiedplan/fp/F00040/F00040-09-000-03-PlanDoc-e.pdf
F00040-10-000-03,2 March 2026,Bupa (Asia) Limited,Bupa Hero VHIS Plan,"Advance Pro (HKD12,000 Deductible)",Limited (see doc),tier2,Restricted (see doc),tier2,No restriction,Y,,,tier1,None,tier1,30000000,,,,,,tier2,tier2,,ok,https://www.vhis.gov.hk/doc/certifiedplan/fp/F00040/F00040-10-000-03-PlanDoc-e.pdf
F00040-11-000-03,2 March 2026,Bupa (Asia) Limited,Bupa Hero VHIS Plan,"Advance Pro (HKD40,000 Deductible)",Limited (see doc),tier2,Restricted (see doc),tier2,No restriction,Y,,,tier1,None,tier1,30000000,,,,,,tier2,tier2,,ok,https://www.vhis.gov.hk/doc/certifiedplan/fp/F00040/F00040-11-000-03-PlanDoc-e.pdf
F00040-12-000-03,2 March 2026,Bupa (Asia) Limited,Bupa Hero VHIS Plan,"Advance Pro (HKD80,000 Deductible)",Limited (see doc),tier2,Restricted (see doc),tier2,No restriction,Y,,,tier1,None,tier1,30000000,,,,,,tier2,tier2,,ok,https://www.vhis.gov.hk/doc/certifiedplan/fp/F00040/F00040-12-000-03-PlanDoc-e.pdf
F00040-13-000-03,2 March 2026,Bupa (Asia) Limited,Bupa Hero VHIS Plan,Deluxe Pro (HKD0 Deductible),Limited (see doc),tier2,Restricted (see doc),tier2,No restriction,Y,,,tier1,None,tier1,40000000,,,,,,tier2,tier2,,ok,https://www.vhis.gov.hk/doc/certifiedplan/fp/F00040/F00040-13-000-03-PlanDoc-e.pdf
F00040-14-000-03,2 March 2026,Bupa (Asia) Limited,Bupa Hero VHIS Plan,"Deluxe Pro (HKD12,000 Deductible)",Limited (see doc),tier2,Restricted (see doc),tier2,No restriction,Y,,,tier1,None,tier1,40000000,,,,,,tier2,tier2,,ok,https://www.vhis.gov.hk/doc/certifiedplan/fp/F00040/F00040-14-000-03-PlanDoc-e.pdf
F00040-15-000-03,2 March 2026,Bupa (Asia) Limited,Bupa Hero VHIS Plan,"Deluxe Pro (HKD40,000 Deductible)",Limited (see doc),tier2,Restricted (see doc),tier2,No restriction,Y,,,tier1,None,tier1,40000000,,,,,,tier2,tier2,,ok,https://www.vhis.gov.hk/doc/certifiedplan/fp/F00040/F00040-15-000-03-PlanDoc-e.pdf
F00040-16-000-03,2 March 2026,Bupa (Asia) Limited,Bupa Hero VHIS Plan,"Deluxe Pro (HKD80,000 Deductible)",Limited (see doc),tier2,Restricted (see doc),tier2,No restriction,Y,,,tier1,None,tier1,40000000,,,,,,tier2,tier2,,ok,https://www.vhis.gov.hk/doc/certifiedplan/fp/F00040/F00040-16-000-03-PlanDoc-e.pdf
F00040-17-000-02,2 March 2026,Bupa (Asia) Limited,Bupa Hero VHIS Plan,Core (HKD0 Deductible),Limited (see doc),tier2,Restricted (see doc),tier2,No restriction,Y,,,tier1,None,tier1,5000000,,,,,,tier2,tier2,,ok,https://www.vhis.gov.hk/doc/certifiedplan/fp/F00040/F00040-17-000-02-PlanDoc-e.pdf
F00040-18-000-02,2 March 2026,Bupa (Asia) Limited,Bupa Hero VHIS Plan,"Core (HKD15,000 Deductible)",Limited (see doc),tier2,Restricted (see doc),tier2,No restriction,Y,,,tier1,None,tier1,5000000,,,,,,tier2,tier2,,ok,https://www.vhis.gov.hk/doc/certifiedplan/fp/F00040/F00040-18-000-02-PlanDoc-e.pdf
F00040-19-000-02,2 March 2026,Bupa (Asia) Limited,Bupa Hero VHIS Plan,"Core (HKD50,000 Deductible)",Limited (see doc),tier2,Restricted (see doc),tier2,No restriction,Y,,,tier1,None,tier1,5000000,,,,,,tier2,tier2,,ok,https://www.vhis.gov.hk/doc/certifiedplan/fp/F00040/F00040-19-000-02-PlanDoc-e.pdf
F00040-20-000-02,2 March 2026,Bupa (Asia) Limited,Bupa Hero VHIS Plan,"Core (HKD80,000 Deductible)",Limited (see doc),tier2,Restricted (see doc),tier2,No restriction,Y,,,tier1,None,tier1,5000000,,,,,,tier2,tier2,,ok,https://www.vhis.gov.hk/doc/certifiedplan/fp/F00040/F00040-20-000-02-PlanDoc-e.pdf
F00040-21-000-02,2 March 2026,Bupa (Asia) Limited,Bupa Hero VHIS Plan,Core Pro (HKD0 Deductible),Limited (see doc),tier2,Restricted (see doc),tier2,No restriction,Y,,,tier1,None,tier1,10000000,,,,,,tier2,tier2,,ok,https://www.vhis.gov.hk/doc/certifiedplan/fp/F00040/F00040-21-000-02-PlanDoc-e.pdf
F00040-22-000-02,2 March 2026,Bupa (Asia) Limited,Bupa Hero VHIS Plan,"Core Pro (HKD15,000 Deductible)",Limited (see doc),tier2,Restricted (see doc),tier2,No restriction,Y,,,tier1,None,tier1,10000000,,,,,,tier2,tier2,,ok,https://www.vhis.gov.hk/doc/certifiedplan/fp/F00040/F00040-22-000-02-PlanDoc-e.pdf
F00040-23-000-02,2 March 2026,Bupa (Asia) Limited,Bupa Hero VHIS Plan,"Core Pro (HKD50,000 Deductible)",Limited (see doc),tier2,Restricted (see doc),tier2,No restriction,Y,,,tier1,None,tier1,10000000,,,,,,tier2,tier2,,ok,https://www.vhis.gov.hk/doc/certifiedplan/fp/F00040/F00040-23-000-02-PlanDoc-e.pdf
F00040-24-000-02,2 March 2026,Bupa (Asia) Limited,Bupa Hero VHIS Plan,"Core Pro (HKD80,000 Deductible)",Limited (see doc),tier2,Restricted (see doc),tier2,No restriction,Y,,,tier1,None,tier1,10000000,,,,,,tier2,tier2,,ok,https://www.vhis.gov.hk/doc/certifiedplan/fp/F00040/F00040-24-000-02-PlanDoc-e.pdf
F00029-01-000-06,2 March 2026,Bupa (Asia) Limited,Bupa MyFlexi VHIS Plan,Standard,Worldwide,tier1,No restriction,tier1,No restriction,Y,,30,tier1,None,tier1,,1000,16400,58600,30000,,tier2,tier1,,ok,https://www.vhis.gov.hk/doc/certifiedplan/fp/F00029/F00029-01-000-06-PlanDoc-e.pdf
F00029-01-001-06,2 March 2026,Bupa (Asia) Limited,Bupa MyFlexi VHIS Plan,Standard Plus,Worldwide,tier1,No restriction,tier1,No restriction,Y,,30,tier1,None,tier1,,1000,16400,58600,30000,,tier2,tier1,,ok,https://www.vhis.gov.hk/doc/certifiedplan/fp/F00029/F00029-01-001-06-PlanDoc-e.pdf
F00029-02-000-06,2 March 2026,Bupa (Asia) Limited,Bupa MyFlexi VHIS Plan,Advance,Worldwide,tier1,No restriction,tier1,No restriction,Y,,30,tier1,None,tier1,,2100,25600,81000,30000,,tier2,tier1,,ok,https://www.vhis.gov.hk/doc/certifiedplan/fp/F00029/F00029-02-000-06-PlanDoc-e.pdf
F00029-02-001-06,2 March 2026,Bupa (Asia) Limited,Bupa MyFlexi VHIS Plan,Advance Plus,Worldwide,tier1,No restriction,tier1,No restriction,Y,,30,tier1,None,tier1,,2100,25600,81000,30000,,tier2,tier1,,ok,https://www.vhis.gov.hk/doc/certifiedplan/fp/F00029/F00029-02-001-06-PlanDoc-e.pdf
F00029-03-000-06,2 March 2026,Bupa (Asia) Limited,Bupa MyFlexi VHIS Plan,Deluxe,Worldwide,tier1,No restriction,tier1,No restriction,Y,,30,tier1,None,tier1,,4000,45600,126000,30000,,tier2,tier1,,ok,https://www.vhis.gov.hk/doc/certifiedplan/fp/F00029/F00029-03-000-06-PlanDoc-e.pdf
F00029-03-001-06,2 March 2026,Bupa (Asia) Limited,Bupa MyFlexi VHIS Plan,Deluxe Plus,Worldwide,tier1,No restriction,tier1,No restriction,Y,,30,tier1,None,tier1,,4000,45600,126000,30000,,tier2,tier1,,ok,https://www.vhis.gov.hk/doc/certifiedplan/fp/F00029/F00029-03-001-06-PlanDoc-e.pdf
F00035-01-000-05,2 March 2026,Bupa (Asia) Limited,Global Prestige VHIS Plan,Prime - HKD0 Deductible,Worldwide,tier1,Restricted (see doc),tier2,No restriction,Y,,,tier1,None,tier1,40000000,,,,,,tier2,tier2,,ok,https://www.vhis.gov.hk/doc/certifiedplan/fp/F00035/F00035-01-000-05-PlanDoc-e.pdf
F00035-02-000-05,2 March 2026,Bupa (Asia) Limited,Global Prestige VHIS Plan,"Prime - HKD12,000 Deductible",Worldwide,tier1,Restricted (see doc),tier2,No restriction,Y,,,tier1,None,tier1,40000000,,,,,,tier2,tier2,,ok,https://www.vhis.gov.hk/doc/certifiedplan/fp/F00035/F00035-02-000-05-PlanDoc-e.pdf
F00035-03-000-05,2 March 2026,Bupa (Asia) Limited,Global Prestige VHIS Plan,"Prime - HKD40,000 Deductible",Worldwide,tier1,Restricted (see doc),tier2,No restriction,Y,,,tier1,None,tier1,40000000,,,,,,tier2,tier2,,ok,https://www.vhis.gov.hk/doc/certifiedplan/fp/F00035/F00035-03-000-05-PlanDoc-e.pdf
F00035-04-000-05,2 March 2026,Bupa (Asia) Limited,Global Prestige VHIS Plan,"Prime - HKD80,000 Deductible",Worldwide,tier1,Restricted (see doc),tier2,No restriction,Y,,,tier1,None,tier1,40000000,,,,,,tier2,tier2,,ok,https://www.vhis.gov.hk/doc/certifiedplan/fp/F00035/F00035-04-000-05-PlanDoc-e.pdf
F00035-05-000-01,2 March 2026,Bupa (Asia) Limited,Global Prestige VHIS Plan,Signature - HKD0 Deductible,Worldwide,tier1,Restricted (see doc),tier2,No restriction,Y,,,tier1,None,tier1,40000000,,,,,,tier2,tier2,,ok,https://www.vhis.gov.hk/doc/certifiedplan/fp/F00035/F00035-05-000-01-PlanDoc-e.pdf
F00035-06-000-01,2 March 2026,Bupa (Asia) Limited,Global Prestige VHIS Plan,"Signature - HKD12,000 Deductible",Worldwide,tier1,Restricted (see doc),tier2,No restriction,Y,,,tier1,None,tier1,40000000,,,,,,tier2,tier2,,ok,https://www.vhis.gov.hk/doc/certifiedplan/fp/F00035/F00035-06-000-01-PlanDoc-e.pdf
F00035-07-000-01,2 March 2026,Bupa (Asia) Limited,Global Prestige VHIS Plan,"Signature - HKD40,000 Deductible",Worldwide,tier1,Restricted (see doc),tier2,No restriction,Y,,,tier1,None,tier1,40000000,,,,,,tier2,tier2,,ok,https://www.vhis.gov.hk/doc/certifiedplan/fp/F00035/F00035-07-000-01-PlanDoc-e.pdf
F00035-08-000-01,2 March 2026,Bupa (Asia) Limited,Global Prestige VHIS Plan,"Signature - HKD80,000 Deductible",Worldwide,tier1,Restricted (see doc),tier2,No restriction,Y,,,tier1,None,tier1,40000000,,,,,,tier2,tier2,,ok,https://www.vhis.gov.hk/doc/certifiedplan/fp/F00035/F00035-08-000-01-PlanDoc-e.pdf
F00024-01-000-03,1 June 2026,China Life Insurance (Overseas) Company Limited,Healthy Life Medical Insurance Plan,Healthy Life Medical Insurance Plan,Worldwide,tier1,Restricted (see doc),tier2,No restriction,Y,,30,tier1,None,tier1,800000,1200,16000,55000,30000,,tier2,tier2,,ok,https://www.vhis.gov.hk/doc/certifiedplan/fp/F00024/F00024-01-000-03-PlanDoc-e.pdf
F00030-01-000-03,1 June 2026,China Life Insurance (Overseas) Company Limited,Healthy Life Premier Medical Insurance Plan,Semi-private,Worldwide,tier1,Restricted (see doc),tier2,No restriction,Y,,30,tier1,None,tier1,1100000,2500,24000,86000,35000,,tier2,tier2,,ok,https://www.vhis.gov.hk/doc/certifiedplan/fp/F00030/F00030-01-000-03-PlanDoc-e.pdf
F00030-01-001-03,1 June 2026,China Life Insurance (Overseas) Company Limited,Healthy Life Premier Medical Insurance Plan,Semi-private with SMM,Worldwide,tier1,Restricted (see doc),tier2,No restriction,Y,,30,tier1,None,tier1,1100000,2500,24000,86000,35000,,tier2,tier2,,ok,https://www.vhis.gov.hk/doc/certifiedplan/fp/F00030/F00030-01-001-03-PlanDoc-e.pdf
F00030-02-000-03,1 June 2026,China Life Insurance (Overseas) Company Limited,Healthy Life Premier Medical Insurance Plan,Private,Worldwide,tier1,Restricted (see doc),tier2,No restriction,Y,,30,tier1,None,tier1,1500000,4500,35000,120000,40000,,tier2,tier2,,ok,https://www.vhis.gov.hk/doc/certifiedplan/fp/F00030/F00030-02-000-03-PlanDoc-e.pdf
F00030-02-001-03,1 June 2026,China Life Insurance (Overseas) Company Limited,Healthy Life Premier Medical Insurance Plan,Private with SMM,Worldwide,tier1,Restricted (see doc),tier2,No restriction,Y,,30,tier1,None,tier1,1500000,4500,35000,120000,40000,,tier2,tier2,,ok,https://www.vhis.gov.hk/doc/certifiedplan/fp/F00030/F00030-02-001-03-PlanDoc-e.pdf
F00052-01-000-01,7 July 2021,China Taiping Life Insurance (Hong Kong) Company Limited,Taiping Life VHIS Flexi Plan,Plan 1 - Ward with SMM,Worldwide,tier1,No restriction,tier1,No restriction,,,30,tier3,None,tier1,500000,,14000,,30000,,tier2,tier3,has_deductible,ok,https://www.vhis.gov.hk/doc/certifiedplan/fp/F00052/F00052-01-000-01-PlanDoc-e.pdf
F00052-02-000-01,7 July 2021,China Taiping Life Insurance (Hong Kong) Company Limited,Taiping Life VHIS Flexi Plan,Plan 2 - Semi-Private Room,Worldwide,tier1,No restriction,tier1,No restriction,,,30,tier3,None,tier1,1000000,,24400,,55000,,tier2,tier3,has_deductible,ok,https://www.vhis.gov.hk/doc/certifiedplan/fp/F00052/F00052-02-000-01-PlanDoc-e.pdf
F00052-02-001-01,7 July 2021,China Taiping Life Insurance (Hong Kong) Company Limited,Taiping Life VHIS Flexi Plan,Plan 3 - Semi-Private Room with SMM,Worldwide,tier1,No restriction,tier1,No restriction,,,30,tier3,None,tier1,1000000,,24400,,55000,,tier2,tier3,has_deductible,ok,https://www.vhis.gov.hk/doc/certifiedplan/fp/F00052/F00052-02-001-01-PlanDoc-e.pdf
F00052-03-000-01,7 July 2021,China Taiping Life Insurance (Hong Kong) Company Limited,Taiping Life VHIS Flexi Plan,Plan 4 - Standard Private Room,Worldwide,tier1,No restriction,tier1,No restriction,,,30,tier3,None,tier1,1360000,,32500,,57000,,tier2,tier3,has_deductible,ok,https://www.vhis.gov.hk/doc/certifiedplan/fp/F00052/F00052-03-000-01-PlanDoc-e.pdf
F00052-03-001-01,7 July 2021,China Taiping Life Insurance (Hong Kong) Company Limited,Taiping Life VHIS Flexi Plan,Plan 5 - Standard Private Room with SMM,Worldwide,tier1,No restriction,tier1,No restriction,,,30,tier3,None,tier1,1360000,,32500,,57000,,tier2,tier3,has_deductible,ok,https://www.vhis.gov.hk/doc/certifiedplan/fp/F00052/F00052-03-001-01-PlanDoc-e.pdf
F00062-01-000-02,1 January 2023,China Taiping Life Insurance (Hong Kong) Company Limited,Taiping Life VHIS Priority Plan,HKD0 Deductible,Limited (see doc),tier2,Restricted (see doc),tier2,No restriction,,,,tier3,None,tier1,20000000,,,,,,tier2,tier3,has_deductible,ok,https://www.vhis.gov.hk/doc/certifiedplan/fp/F00062/F00062-01-000-02-PlanDoc-e.pdf
F00062-02-000-02,1 January 2023,China Taiping Life Insurance (Hong Kong) Company Limited,Taiping Life VHIS Priority Plan,"HKD20,000 Deductible",Limited (see doc),tier2,Restricted (see doc),tier2,No restriction,,,,tier3,None,tier1,20000000,,,,,,tier2,tier3,has_deductible,ok,https://www.vhis.gov.hk/doc/certifiedplan/fp/F00062/F00062-02-000-02-PlanDoc-e.pdf
F00062-03-000-02,1 January 2023,China Taiping Life Insurance (Hong Kong) Company Limited,Taiping Life VHIS Priority Plan,"HKD50,000 Deductible",Limited (see doc),tier2,Restricted (see doc),tier2,No restriction,,,,tier3,None,tier1,20000000,,,,,,tier2,tier3,has_deductible,ok,https://www.vhis.gov.hk/doc/certifiedplan/fp/F00062/F00062-03-000-02-PlanDoc-e.pdf
F00062-04-000-02,1 January 2023,China Taiping Life Insurance (Hong Kong) Company Limited,Taiping Life VHIS Priority Plan,USD0 Deductible,Limited (see doc),tier2,Restricted (see doc),tier2,No restriction,,,,tier3,None,tier1,2500000,,,,,,tier2,tier3,has_deductible,ok,https://www.vhis.gov.hk/doc/certifiedplan/fp/F00062/F00062-04-000-02-PlanDoc-e.pdf
F00062-05-000-02,1 January 2023,China Taiping Life Insurance (Hong Kong) Company Limited,Taiping Life VHIS Priority Plan,"USD2,500 Deductible",Limited (see doc),tier2,Restricted (see doc),tier2,No restriction,,,,tier3,None,tier1,2500000,,,,,,tier2,tier3,has_deductible,ok,https://www.vhis.gov.hk/doc/certifiedplan/fp/F00062/F00062-05-000-02-PlanDoc-e.pdf
F00062-06-000-02,1 January 2023,China Taiping Life Insurance (Hong Kong) Company Limited,Taiping Life VHIS Priority Plan,"USD6,250 Deductible",Limited (see doc),tier2,Restricted (see doc),tier2,No restriction,,,,tier3,None,tier1,2500000,,,,,,tier2,tier3,has_deductible,ok,https://www.vhis.gov.hk/doc/certifiedplan/fp/F00062/F00062-06-000-02-PlanDoc-e.pdf
F00021-01-000-03,23 November 2025,Chow Tai Fook Life Insurance Co Ltd,''BetterCare'' Medical Insurance Plan,Benefit Level 1 with SMM (HKD),Worldwide,tier1,No restriction,tier1,No restriction,Y,,30,tier1,None,tier1,500000,900,14000,50000,50000,,tier2,tier1,,ok,https://www.vhis.gov.hk/doc/certifiedplan/fp/F00021/F00021-01-000-03-PlanDoc-e.pdf
F00021-02-000-03,23 November 2025,Chow Tai Fook Life Insurance Co Ltd,''BetterCare'' Medical Insurance Plan,Benefit Level 2 with SMM (HKD),Worldwide,tier1,No restriction,tier1,No restriction,Y,,30,tier1,None,tier1,600000,1800,16000,63000,55000,,tier2,tier1,,ok,https://www.vhis.gov.hk/doc/certifiedplan/fp/F00021/F00021-02-000-03-PlanDoc-e.pdf
F00021-03-000-03,23 November 2025,Chow Tai Fook Life Insurance Co Ltd,''BetterCare'' Medical Insurance Plan,Benefit Level 3 with SMM (HKD),Worldwide,tier1,No restriction,tier1,No restriction,Y,,30,tier1,None,tier1,700000,4000,24000,84000,60000,,tier2,tier1,,ok,https://www.vhis.gov.hk/doc/certifiedplan/fp/F00021/F00021-03-000-03-PlanDoc-e.pdf
F00021-04-000-03,23 November 2025,Chow Tai Fook Life Insurance Co Ltd,''BetterCare'' Medical Insurance Plan,Benefit Level 1 with SMM (USD),Worldwide,tier1,No restriction,tier1,No restriction,Y,,30,tier1,None,tier1,64520,120,1810,6455,6455,,tier2,tier1,,ok,https://www.vhis.gov.hk/doc/certifiedplan/fp/F00021/F00021-04-000-03-PlanDoc-e.pdf
F00021-05-000-03,23 November 2025,Chow Tai Fook Life Insurance Co Ltd,''BetterCare'' Medical Insurance Plan,Benefit Level 2 with SMM (USD),Worldwide,tier1,No restriction,tier1,No restriction,Y,,30,tier1,None,tier1,77420,235,2065,8130,7100,,tier2,tier1,,ok,https://www.vhis.gov.hk/doc/certifiedplan/fp/F00021/F00021-05-000-03-PlanDoc-e.pdf
F00021-06-000-03,23 November 2025,Chow Tai Fook Life Insurance Co Ltd,''BetterCare'' Medical Insurance Plan,Benefit Level 3 with SMM (USD),Worldwide,tier1,No restriction,tier1,No restriction,Y,,30,tier1,None,tier1,90325,520,3100,10840,7745,,tier2,tier1,,ok,https://www.vhis.gov.hk/doc/certifiedplan/fp/F00021/F00021-06-000-03-PlanDoc-e.pdf
F00077-01-000-01,10 January 2025,Chow Tai Fook Life Insurance Co Ltd,"""ChampCare"" Medical Insurance Plan","Benefit Level 1 - Asia (HKD 36,000 Deductible + HKD 36,000 Benefit Contribution Amount)",Limited (see doc),tier2,Restricted (see doc),tier2,No restriction,,,,tier3,Capped (see doc),tier2,,,,,,,tier3,tier3,has_deductible,ok,https://www.vhis.gov.hk/doc/certifiedplan/fp/F00077/F00077-01-000-01-PlanDoc-e.pdf
F00077-02-000-01,10 January 2025,Chow Tai Fook Life Insurance Co Ltd,"""ChampCare"" Medical Insurance Plan","Benefit Level 2 - Asia (HKD 18,000 Deductible + HKD 18,000 Benefit Contribution Amount)",Limited (see doc),tier2,Restricted (see doc),tier2,No restriction,,,,tier3,Capped (see doc),tier2,,,,,,,tier3,tier3,has_deductible,ok,https://www.vhis.gov.hk/doc/certifiedplan/fp/F00077/F00077-02-000-01-PlanDoc-e.pdf
F00077-03-000-01,10 January 2025,Chow Tai Fook Life Insurance Co Ltd,"""ChampCare"" Medical Insurance Plan",Benefit Level 3 - Asia (HKD 0 Deductible + HKD 0 Benefit Contribution Amount),Limited (see doc),tier2,Restricted (see doc),tier2,No restriction,,,,tier3,Capped (see doc),tier2,,,,,,,tier3,tier3,has_deductible,ok,https://www.vhis.gov.hk/doc/certifiedplan/fp/F00077/F00077-03-000-01-PlanDoc-e.pdf
F00077-04-000-01,10 January 2025,Chow Tai Fook Life Insurance Co Ltd,"""ChampCare"" Medical Insurance Plan","Benefit Level 4 - Worldwide excluding USA (HKD 18,000 Deductible + HKD 18,000 Benefit Contribution Amount)",Limited (see doc),tier2,Restricted (see doc),tier2,No restriction,,,,tier3,Capped (see doc),tier2,,,,,,,tier3,tier3,has_deductible,ok,https://www.vhis.gov.hk/doc/certifiedplan/fp/F00077/F00077-04-000-01-PlanDoc-e.pdf
F00077-05-000-01,10 January 2025,Chow Tai Fook Life Insurance Co Ltd,"""ChampCare"" Medical Insurance Plan",Benefit Level 5 - Worldwide excluding USA (HKD 0 Deductible + HKD 0 Benefit Contribution Amount),Limited (see doc),tier2,Restricted (see doc),tier2,No restriction,,,,tier3,Capped (see doc),tier2,,,,,,,tier3,tier3,has_deductible,ok,https://www.vhis.gov.hk/doc/certifiedplan/fp/F00077/F00077-05-000-01-PlanDoc-e.pdf
F00077-06-000-01,10 January 2025,Chow Tai Fook Life Insurance Co Ltd,"""ChampCare"" Medical Insurance Plan","Benefit Level 6 - Worldwide (HKD 18,000 Deductible + HKD 18,000 Benefit Contribution Amount)",Limited (see doc),tier2,Restricted (see doc),tier2,No restriction,,,,tier3,Capped (see doc),tier2,,,,,,,tier3,tier3,has_deductible,ok,https://www.vhis.gov.hk/doc/certifiedplan/fp/F00077/F00077-06-000-01-PlanDoc-e.pdf
F00077-07-000-01,10 January 2025,Chow Tai Fook Life Insurance Co Ltd,"""ChampCare"" Medical Insurance Plan",Benefit Level 7 - Worldwide (HKD 0 Deductible + HKD 0 Benefit Contribution Amount),Limited (see doc),tier2,Restricted (see doc),tier2,No restriction,,,,tier3,Capped (see doc),tier2,,,,,,,tier3,tier3,has_deductible,ok,https://www.vhis.gov.hk/doc/certifiedplan/fp/F00077/F00077-07-000-01-PlanDoc-e.pdf
F00077-08-000-01,10 January 2025,Chow Tai Fook Life Insurance Co Ltd,"""ChampCare"" Medical Insurance Plan","Benefit Level 1 - Asia (USD 4,640 Deductible + USD 4,640 Benefit Contribution Amount)",Limited (see doc),tier2,Restricted (see doc),tier2,No restriction,,,,tier3,Capped (see doc),tier2,,,,,,,tier3,tier3,has_deductible,ok,https://www.vhis.gov.hk/doc/certifiedplan/fp/F00077/F00077-08-000-01-PlanDoc-e.pdf
F00077-09-000-01,10 January 2025,Chow Tai Fook Life Insurance Co Ltd,"""ChampCare"" Medical Insurance Plan","Benefit Level 2 - Asia (USD 2,320 Deductible + USD 2,320 Benefit Contribution Amount)",Limited (see doc),tier2,Restricted (see doc),tier2,No restriction,,,,tier3,Capped (see doc),tier2,,,,,,,tier3,tier3,has_deductible,ok,https://www.vhis.gov.hk/doc/certifiedplan/fp/F00077/F00077-09-000-01-PlanDoc-e.pdf
F00077-10-000-01,10 January 2025,Chow Tai Fook Life Insurance Co Ltd,"""ChampCare"" Medical Insurance Plan",Benefit Level 3 - Asia (USD 0 Deductible + USD 0 Benefit Contribution Amount),Limited (see doc),tier2,Restricted (see doc),tier2,No restriction,,,,tier3,Capped (see doc),tier2,,,,,,,tier3,tier3,has_deductible,ok,https://www.vhis.gov.hk/doc/certifiedplan/fp/F00077/F00077-10-000-01-PlanDoc-e.pdf
F00077-11-000-01,10 January 2025,Chow Tai Fook Life Insurance Co Ltd,"""ChampCare"" Medical Insurance Plan","Benefit Level 4 - Worldwide excluding USA (USD 2,320 Deductible + USD 2,320 Benefit Contribution Amount)",Limited (see doc),tier2,Restricted (see doc),tier2,No restriction,,,,tier3,Capped (see doc),tier2,,,,,,,tier3,tier3,has_deductible,ok,https://www.vhis.gov.hk/doc/certifiedplan/fp/F00077/F00077-11-000-01-PlanDoc-e.pdf
F00077-12-000-01,10 January 2025,Chow Tai Fook Life Insurance Co Ltd,"""ChampCare"" Medical Insurance Plan",Benefit Level 5 - Worldwide excluding USA (USD 0 Deductible + USD 0 Benefit Contribution Amount),Limited (see doc),tier2,Restricted (see doc),tier2,No restriction,,,,tier3,Capped (see doc),tier2,,,,,,,tier3,tier3,has_deductible,ok,https://www.vhis.gov.hk/doc/certifiedplan/fp/F00077/F00077-12-000-01-PlanDoc-e.pdf
F00077-13-000-01,10 January 2025,Chow Tai Fook Life Insurance Co Ltd,"""ChampCare"" Medical Insurance Plan","Benefit Level 6 - Worldwide (USD 2,320 Deductible + USD 2,320 Benefit Contribution Amount)",Limited (see doc),tier2,Restricted (see doc),tier2,No restriction,,,,tier3,Capped (see doc),tier2,,,,,,,tier3,tier3,has_deductible,ok,https://www.vhis.gov.hk/doc/certifiedplan/fp/F00077/F00077-13-000-01-PlanDoc-e.pdf
F00077-14-000-01,10 January 2025,Chow Tai Fook Life Insurance Co Ltd,"""ChampCare"" Medical Insurance Plan",Benefit Level 7 - Worldwide (USD 0 Deductible + USD 0 Benefit Contribution Amount),Limited (see doc),tier2,Restricted (see doc),tier2,No restriction,,,,tier3,Capped (see doc),tier2,,,,,,,tier3,tier3,has_deductible,ok,https://www.vhis.gov.hk/doc/certifiedplan/fp/F00077/F00077-14-000-01-PlanDoc-e.pdf
F00064-01-000-02,23 November 2025,Chow Tai Fook Life Insurance Co Ltd,''FlexiCare'' Medical Insurance Plan,Benefit Level 1 (HKD),Worldwide,tier1,Restricted (see doc),tier2,No restriction,N,0,30,tier1,None,tier1,,,,,200000,,tier2,tier2,,ok,https://www.vhis.gov.hk/doc/certifiedplan/fp/F00064/F00064-01-000-02-PlanDoc-e.pdf
F00064-02-000-02,23 November 2025,Chow Tai Fook Life Insurance Co Ltd,''FlexiCare'' Medical Insurance Plan,Benefit Level 2 (HKD),Worldwide,tier1,Restricted (see doc),tier2,No restriction,N,0,30,tier1,None,tier1,,,,,250000,,tier2,tier2,,ok,https://www.vhis.gov.hk/doc/certifiedplan/fp/F00064/F00064-02-000-02-PlanDoc-e.pdf
F00064-03-000-02,23 November 2025,Chow Tai Fook Life Insurance Co Ltd,''FlexiCare'' Medical Insurance Plan,Benefit Level 1 (USD),Worldwide,tier1,Restricted (see doc),tier2,No restriction,N,0,30,tier1,None,tier1,,,,,25810,,tier2,tier2,,ok,https://www.vhis.gov.hk/doc/certifiedplan/fp/F00064/F00064-03-000-02-PlanDoc-e.pdf
F00064-04-000-02,23 November 2025,Chow Tai Fook Life Insurance Co Ltd,''FlexiCare'' Medical Insurance Plan,Benefit Level 2 (USD),Worldwide,tier1,Restricted (see doc),tier2,No restriction,N,0,30,tier1,None,tier1,,,,,32260,,tier2,tier2,,ok,https://www.vhis.gov.hk/doc/certifiedplan/fp/F00064/F00064-04-000-02-PlanDoc-e.pdf
F00037-01-000-03,23 November 2025,Chow Tai Fook Life Insurance Co Ltd,''TopCare'' Medical Insurance Plan,Benefit Level 1 with SMM (HKD),Worldwide,tier1,No restriction,tier1,No restriction,Y,,15,tier1,None,tier1,,1200,,,,,tier2,tier1,,ok,https://www.vhis.gov.hk/doc/certifiedplan/fp/F00037/F00037-01-000-03-PlanDoc-e.pdf
F00037-02-000-03,23 November 2025,Chow Tai Fook Life Insurance Co Ltd,''TopCare'' Medical Insurance Plan,Benefit Level 2 with SMM (HKD),Worldwide,tier1,No restriction,tier1,No restriction,Y,,15,tier1,None,tier1,,1200,,,,,tier2,tier1,,ok,https://www.vhis.gov.hk/doc/certifiedplan/fp/F00037/F00037-02-000-03-PlanDoc-e.pdf
F00037-03-000-03,23 November 2025,Chow Tai Fook Life Insurance Co Ltd,''TopCare'' Medical Insurance Plan,Benefit Level 3 with SMM (HKD),Worldwide,tier1,No restriction,tier1,No restriction,Y,,15,tier1,None,tier1,,2300,,,,,tier2,tier1,,ok,https://www.vhis.gov.hk/doc/certifiedplan/fp/F00037/F00037-03-000-03-PlanDoc-e.pdf
F00037-04-000-03,23 November 2025,Chow Tai Fook Life Insurance Co Ltd,''TopCare'' Medical Insurance Plan,Benefit Level 4 with SMM (HKD),Worldwide,tier1,No restriction,tier1,No restriction,Y,,15,tier1,None,tier1,,5200,,,,,tier2,tier1,,ok,https://www.vhis.gov.hk/doc/certifiedplan/fp/F00037/F00037-04-000-03-PlanDoc-e.pdf
F00037-05-000-03,23 November 2025,Chow Tai Fook Life Insurance Co Ltd,''TopCare'' Medical Insurance Plan,Benefit Level 1 with SMM (USD),Worldwide,tier1,No restriction,tier1,No restriction,Y,,15,tier1,None,tier1,,155,,,,,tier2,tier1,,ok,https://www.vhis.gov.hk/doc/certifiedplan/fp/F00037/F00037-05-000-03-PlanDoc-e.pdf
F00037-06-000-03,23 November 2025,Chow Tai Fook Life Insurance Co Ltd,''TopCare'' Medical Insurance Plan,Benefit Level 2 with SMM (USD),Worldwide,tier1,No restriction,tier1,No restriction,Y,,15,tier1,None,tier1,,155,,,,,tier2,tier1,,ok,https://www.vhis.gov.hk/doc/certifiedplan/fp/F00037/F00037-06-000-03-PlanDoc-e.pdf
F00037-07-000-03,23 November 2025,Chow Tai Fook Life Insurance Co Ltd,''TopCare'' Medical Insurance Plan,Benefit Level 3 with SMM (USD),Worldwide,tier1,No restriction,tier1,No restriction,Y,,15,tier1,None,tier1,,300,,,,,tier2,tier1,,ok,https://www.vhis.gov.hk/doc/certifiedplan/fp/F00037/F00037-07-000-03-PlanDoc-e.pdf
F00037-08-000-03,23 November 2025,Chow Tai Fook Life Insurance Co Ltd,''TopCare'' Medical Insurance Plan,Benefit Level 4 with SMM (USD),Worldwide,tier1,No restriction,tier1,No restriction,Y,,15,tier1,None,tier1,,675,,,,,tier2,tier1,,ok,https://www.vhis.gov.hk/doc/certifiedplan/fp/F00037/F00037-08-000-03-PlanDoc-e.pdf
F00027-01-000-03,1 April 2025,Chubb Life Insurance Hong Kong Limited,Chubb VHIS - Flexi Plan,Classic (HKD),Worldwide,tier1,No restriction,tier1,No restriction,Y,,30,tier1,None,tier1,500000,850,14000,,30000,,tier2,tier1,,ok,https://www.vhis.gov.hk/doc/certifiedplan/fp/F00027/F00027-01-000-03-PlanDoc-e.pdf
F00027-01-001-03,1 April 2025,Chubb Life Insurance Hong Kong Limited,Chubb VHIS - Flexi Plan,Classic with Top-up benefit (HKD),Worldwide,tier1,No restriction,tier1,No restriction,Y,,30,tier1,None,tier1,500000,850,14000,,30000,,tier2,tier1,,ok,https://www.vhis.gov.hk/doc/certifiedplan/fp/F00027/F00027-01-001-03-PlanDoc-e.pdf
F00027-02-000-03,1 April 2025,Chubb Life Insurance Hong Kong Limited,Chubb VHIS - Flexi Plan,Ward (HKD),Worldwide,tier1,No restriction,tier1,No restriction,Y,,20,tier1,None,tier1,600000,1200,18000,,40000,,tier2,tier1,,ok,https://www.vhis.gov.hk/doc/certifiedplan/fp/F00027/F00027-02-000-03-PlanDoc-e.pdf
F00027-02-001-03,1 April 2025,Chubb Life Insurance Hong Kong Limited,Chubb VHIS - Flexi Plan,Ward with Top-up benefit (HKD),Worldwide,tier1,No restriction,tier1,No restriction,Y,,20,tier1,None,tier1,600000,1200,18000,,40000,,tier2,tier1,,ok,https://www.vhis.gov.hk/doc/certifiedplan/fp/F00027/F00027-02-001-03-PlanDoc-e.pdf
F00027-03-000-03,1 April 2025,Chubb Life Insurance Hong Kong Limited,Chubb VHIS - Flexi Plan,Semi-Private (HKD),Worldwide,tier1,No restriction,tier1,No restriction,Y,,20,tier1,None,tier1,800000,,26000,,60000,,tier2,tier1,,ok,https://www.vhis.gov.hk/doc/certifiedplan/fp/F00027/F00027-03-000-03-PlanDoc-e.pdf
F00027-03-001-03,1 April 2025,Chubb Life Insurance Hong Kong Limited,Chubb VHIS - Flexi Plan,Semi-Private with Top-up benefit (HKD),Worldwide,tier1,No restriction,tier1,No restriction,Y,,20,tier1,None,tier1,800000,,26000,,60000,,tier2,tier1,,ok,https://www.vhis.gov.hk/doc/certifiedplan/fp/F00027/F00027-03-001-03-PlanDoc-e.pdf
F00027-04-000-03,1 April 2025,Chubb Life Insurance Hong Kong Limited,Chubb VHIS - Flexi Plan,Private (HKD),Worldwide,tier1,No restriction,tier1,No restriction,Y,,20,tier1,None,tier1,1000000,,35000,,90000,,tier2,tier1,,ok,https://www.vhis.gov.hk/doc/certifiedplan/fp/F00027/F00027-04-000-03-PlanDoc-e.pdf
F00027-04-001-03,1 April 2025,Chubb Life Insurance Hong Kong Limited,Chubb VHIS - Flexi Plan,Private with Top-up benefit (HKD),Worldwide,tier1,No restriction,tier1,No restriction,Y,,20,tier1,None,tier1,1000000,,35000,,90000,,tier2,tier1,,ok,https://www.vhis.gov.hk/doc/certifiedplan/fp/F00027/F00027-04-001-03-PlanDoc-e.pdf
F00027-05-000-03,1 April 2025,Chubb Life Insurance Hong Kong Limited,Chubb VHIS - Flexi Plan,Classic (USD),Worldwide,tier1,No restriction,tier1,No restriction,Y,,30,tier1,None,tier1,64103,,1795,,3846,,tier2,tier1,,ok,https://www.vhis.gov.hk/doc/certifiedplan/fp/F00027/F00027-05-000-03-PlanDoc-e.pdf
F00027-05-001-03,1 April 2025,Chubb Life Insurance Hong Kong Limited,Chubb VHIS - Flexi Plan,Classic with Top-up benefit (USD),Worldwide,tier1,No restriction,tier1,No restriction,Y,,30,tier1,None,tier1,64103,,1795,,3846,,tier2,tier1,,ok,https://www.vhis.gov.hk/doc/certifiedplan/fp/F00027/F00027-05-001-03-PlanDoc-e.pdf
F00027-06-000-03,1 April 2025,Chubb Life Insurance Hong Kong Limited,Chubb VHIS - Flexi Plan,Ward (USD),Worldwide,tier1,No restriction,tier1,No restriction,Y,,20,tier1,None,tier1,76923,,2308,,5128,,tier2,tier1,,ok,https://www.vhis.gov.hk/doc/certifiedplan/fp/F00027/F00027-06-000-03-PlanDoc-e.pdf
F00027-06-001-03,1 April 2025,Chubb Life Insurance Hong Kong Limited,Chubb VHIS - Flexi Plan,Ward with Top-up benefit (USD),Worldwide,tier1,No restriction,tier1,No restriction,Y,,20,tier1,None,tier1,76923,,2308,,5128,,tier2,tier1,,ok,https://www.vhis.gov.hk/doc/certifiedplan/fp/F00027/F00027-06-001-03-PlanDoc-e.pdf
F00027-07-000-03,1 April 2025,Chubb Life Insurance Hong Kong Limited,Chubb VHIS - Flexi Plan,Semi-Private (USD),Worldwide,tier1,No restriction,tier1,No restriction,Y,,20,tier1,None,tier1,102564,,3333,,7692,,tier2,tier1,,ok,https://www.vhis.gov.hk/doc/certifiedplan/fp/F00027/F00027-07-000-03-PlanDoc-e.pdf
F00027-07-001-03,1 April 2025,Chubb Life Insurance Hong Kong Limited,Chubb VHIS - Flexi Plan,Semi-Private with Top-up benefit (USD),Worldwide,tier1,No restriction,tier1,No restriction,Y,,20,tier1,None,tier1,102564,,3333,,7692,,tier2,tier1,,ok,https://www.vhis.gov.hk/doc/certifiedplan/fp/F00027/F00027-07-001-03-PlanDoc-e.pdf
F00027-08-000-03,1 April 2025,Chubb Life Insurance Hong Kong Limited,Chubb VHIS - Flexi Plan,Private (USD),Worldwide,tier1,No restriction,tier1,No restriction,Y,,20,tier1,None,tier1,128205,,4487,,11538,,tier2,tier1,,ok,https://www.vhis.gov.hk/doc/certifiedplan/fp/F00027/F00027-08-000-03-PlanDoc-e.pdf
F00027-08-001-03,1 April 2025,Chubb Life Insurance Hong Kong Limited,Chubb VHIS - Flexi Plan,Private with Top-up benefit (USD),Worldwide,tier1,No restriction,tier1,No restriction,Y,,20,tier1,None,tier1,128205,,4487,,11538,,tier2,tier1,,ok,https://www.vhis.gov.hk/doc/certifiedplan/fp/F00027/F00027-08-001-03-PlanDoc-e.pdf
F00075-01-000-01,16 April 2024,Chubb Life Insurance Hong Kong Limited,Chubb VHIS - Prime Plan,HKD0 Deductible (Asia),Hong Kong/Macau,tier2,Restricted (see doc),tier2,Network restricted,Y,,30,tier1,Capped (see doc),tier2,420000,750,14000,,30000,,tier2,tier2,,ok,https://www.vhis.gov.hk/doc/certifiedplan/fp/F00075/F00075-01-000-01-PlanDoc-e.pdf
F00075-02-000-01,16 April 2024,Chubb Life Insurance Hong Kong Limited,Chubb VHIS - Prime Plan,"HKD25,000 Deductible (Asia)",Hong Kong/Macau,tier2,Restricted (see doc),tier2,Network restricted,Y,,30,tier1,Capped (see doc),tier2,420000,750,14000,,30000,,tier2,tier2,,ok,https://www.vhis.gov.hk/doc/certifiedplan/fp/F00075/F00075-02-000-01-PlanDoc-e.pdf
F00075-03-000-01,16 April 2024,Chubb Life Insurance Hong Kong Limited,Chubb VHIS - Prime Plan,"HKD50,000 Deductible (Asia)",Hong Kong/Macau,tier2,Restricted (see doc),tier2,Network restricted,Y,,30,tier1,Capped (see doc),tier2,420000,750,14000,,30000,,tier2,tier2,,ok,https://www.vhis.gov.hk/doc/certifiedplan/fp/F00075/F00075-03-000-01-PlanDoc-e.pdf
F00075-04-000-01,16 April 2024,Chubb Life Insurance Hong Kong Limited,Chubb VHIS - Prime Plan,"HKD100,000 Deductible (Asia)",Hong Kong/Macau,tier2,Restricted (see doc),tier2,Network restricted,Y,,30,tier1,Capped (see doc),tier2,420000,750,14000,,30000,,tier2,tier2,,ok,https://www.vhis.gov.hk/doc/certifiedplan/fp/F00075/F00075-04-000-01-PlanDoc-e.pdf
F00075-05-000-01,16 April 2024,Chubb Life Insurance Hong Kong Limited,Chubb VHIS - Prime Plan,"HKD150,000 Deductible (Asia)",Hong Kong/Macau,tier2,Restricted (see doc),tier2,Network restricted,Y,,30,tier1,Capped (see doc),tier2,420000,750,14000,,30000,,tier2,tier2,,ok,https://www.vhis.gov.hk/doc/certifiedplan/fp/F00075/F00075-05-000-01-PlanDoc-e.pdf
F00075-06-000-01,16 April 2024,Chubb Life Insurance Hong Kong Limited,Chubb VHIS - Prime Plan,HKD0 Deductible (Worldwide excluding USA),Hong Kong/Macau,tier2,Restricted (see doc),tier2,Network restricted,Y,,30,tier1,Capped (see doc),tier2,420000,750,14000,,30000,,tier2,tier2,,ok,https://www.vhis.gov.hk/doc/certifiedplan/fp/F00075/F00075-06-000-01-PlanDoc-e.pdf
F00075-07-000-01,16 April 2024,Chubb Life Insurance Hong Kong Limited,Chubb VHIS - Prime Plan,"HKD25,000 Deductible (Worldwide excluding USA)",Hong Kong/Macau,tier2,Restricted (see doc),tier2,Network restricted,Y,,30,tier1,Capped (see doc),tier2,420000,750,14000,,30000,,tier2,tier2,,ok,https://www.vhis.gov.hk/doc/certifiedplan/fp/F00075/F00075-07-000-01-PlanDoc-e.pdf
F00075-08-000-01,16 April 2024,Chubb Life Insurance Hong Kong Limited,Chubb VHIS - Prime Plan,"HKD50,000 Deductible (Worldwide excluding USA)",Hong Kong/Macau,tier2,Restricted (see doc),tier2,Network restricted,Y,,30,tier1,Capped (see doc),tier2,420000,750,14000,,30000,,tier2,tier2,,ok,https://www.vhis.gov.hk/doc/certifiedplan/fp/F00075/F00075-08-000-01-PlanDoc-e.pdf
F00075-09-000-01,16 April 2024,Chubb Life Insurance Hong Kong Limited,Chubb VHIS - Prime Plan,"HKD100,000 Deductible (Worldwide excluding USA)",Hong Kong/Macau,tier2,Restricted (see doc),tier2,Network restricted,Y,,30,tier1,Capped (see doc),tier2,420000,750,14000,,30000,,tier2,tier2,,ok,https://www.vhis.gov.hk/doc/certifiedplan/fp/F00075/F00075-09-000-01-PlanDoc-e.pdf
F00075-10-000-01,16 April 2024,Chubb Life Insurance Hong Kong Limited,Chubb VHIS - Prime Plan,"HKD150,000 Deductible (Worldwide excluding USA)",Hong Kong/Macau,tier2,Restricted (see doc),tier2,Network restricted,Y,,30,tier1,Capped (see doc),tier2,420000,750,14000,,30000,,tier2,tier2,,ok,https://www.vhis.gov.hk/doc/certifiedplan/fp/F00075/F00075-10-000-01-PlanDoc-e.pdf
F00082-01-000-01,16 December 2025,Chubb Life Insurance Hong Kong Limited,Chubb VHIS - Superb Plan,HKD0 Deductible,Limited (see doc),tier2,Restricted (see doc),tier2,Network restricted,Y,,30,tier1,None,tier1,420000,750,14000,,30000,,tier2,tier2,,ok,https://www.vhis.gov.hk/doc/certifiedplan/fp/F00082/F00082-01-000-01-PlanDoc-e.pdf
F00082-02-000-01,16 December 2025,Chubb Life Insurance Hong Kong Limited,Chubb VHIS - Superb Plan,"HKD25,000 Deductible",Limited (see doc),tier2,Restricted (see doc),tier2,Network restricted,Y,,30,tier1,None,tier1,420000,750,14000,,30000,,tier2,tier2,,ok,https://www.vhis.gov.hk/doc/certifiedplan/fp/F00082/F00082-02-000-01-PlanDoc-e.pdf
F00082-03-000-01,16 December 2025,Chubb Life Insurance Hong Kong Limited,Chubb VHIS - Superb Plan,"HKD50,000 Deductible",Limited (see doc),tier2,Restricted (see doc),tier2,Network restricted,Y,,30,tier1,None,tier1,420000,750,14000,,30000,,tier2,tier2,,ok,https://www.vhis.gov.hk/doc/certifiedplan/fp/F00082/F00082-03-000-01-PlanDoc-e.pdf
F00082-04-000-01,16 December 2025,Chubb Life Insurance Hong Kong Limited,Chubb VHIS - Superb Plan,"HKD100,000 Deductible",Limited (see doc),tier2,Restricted (see doc),tier2,Network restricted,Y,,30,tier1,None,tier1,420000,750,14000,,30000,,tier2,tier2,,ok,https://www.vhis.gov.hk/doc/certifiedplan/fp/F00082/F00082-04-000-01-PlanDoc-e.pdf
F00055-01-000-02,1 November 2022,Chubb Life Insurance Hong Kong Limited,VHIS Series - Flexi Plan (SMM),Flexi Plan SMM,Worldwide,tier1,No restriction,tier1,No restriction,Y,,30,tier1,None,tier1,570000,1200,14000,70000,30000,,tier2,tier1,,ok,https://www.vhis.gov.hk/doc/certifiedplan/fp/F00055/F00055-01-000-02-PlanDoc-e.pdf
F00056-01-000-03,1 November 2022,Chubb Life Insurance Hong Kong Limited,VHIS Series - Flexi Plan (Superior),Semi-Private Room - HKD0 Deductible,Limited (see doc),tier2,Restricted (see doc),tier2,Network restricted,Y,,30,tier1,None,tier1,,750,14000,50000,30000,,tier2,tier2,,ok,https://www.vhis.gov.hk/doc/certifiedplan/fp/F00056/F00056-01-000-03-PlanDoc-e.pdf
F00056-02-000-03,1 November 2022,Chubb Life Insurance Hong Kong Limited,VHIS Series - Flexi Plan (Superior),"Semi-Private Room - HKD15,000 Deductible",Limited (see doc),tier2,Restricted (see doc),tier2,Network restricted,Y,,30,tier1,None,tier1,,750,14000,50000,30000,,tier2,tier2,,ok,https://www.vhis.gov.hk/doc/certifiedplan/fp/F00056/F00056-02-000-03-PlanDoc-e.pdf
F00056-03-000-03,1 November 2022,Chubb Life Insurance Hong Kong Limited,VHIS Series - Flexi Plan (Superior),"Semi-Private Room - HKD25,000 Deductible",Limited (see doc),tier2,Restricted (see doc),tier2,Network restricted,Y,,30,tier1,None,tier1,,750,14000,50000,30000,,tier2,tier2,,ok,https://www.vhis.gov.hk/doc/certifiedplan/fp/F00056/F00056-03-000-03-PlanDoc-e.pdf
F00056-04-000-03,1 November 2022,Chubb Life Insurance Hong Kong Limited,VHIS Series - Flexi Plan (Superior),"Semi-Private Room - HKD50,000 Deductible",Limited (see doc),tier2,Restricted (see doc),tier2,Network restricted,Y,,30,tier1,None,tier1,,750,14000,50000,30000,,tier2,tier2,,ok,https://www.vhis.gov.hk/doc/certifiedplan/fp/F00056/F00056-04-000-03-PlanDoc-e.pdf
F00056-05-000-03,1 November 2022,Chubb Life Insurance Hong Kong Limited,VHIS Series - Flexi Plan (Superior),"Semi-Private Room - HKD75,000 Deductible",Limited (see doc),tier2,Restricted (see doc),tier2,Network restricted,Y,,30,tier1,None,tier1,,750,14000,50000,30000,,tier2,tier2,,ok,https://www.vhis.gov.hk/doc/certifiedplan/fp/F00056/F00056-05-000-03-PlanDoc-e.pdf
F00056-06-000-02,1 November 2022,Chubb Life Insurance Hong Kong Limited,VHIS Series - Flexi Plan (Superior),Standard Ward - HKD0 Deductible,Limited (see doc),tier2,Restricted (see doc),tier2,Network restricted,Y,,30,tier1,None,tier1,,750,14000,50000,30000,,tier2,tier2,,ok,https://www.vhis.gov.hk/doc/certifiedplan/fp/F00056/F00056-06-000-02-PlanDoc-e.pdf
F00056-07-000-02,1 November 2022,Chubb Life Insurance Hong Kong Limited,VHIS Series - Flexi Plan (Superior),"Standard Ward - HKD15,000 Deductible",Limited (see doc),tier2,Restricted (see doc),tier2,Network restricted,Y,,30,tier1,None,tier1,,750,14000,50000,30000,,tier2,tier2,,ok,https://www.vhis.gov.hk/doc/certifiedplan/fp/F00056/F00056-07-000-02-PlanDoc-e.pdf
F00056-08-000-02,1 November 2022,Chubb Life Insurance Hong Kong Limited,VHIS Series - Flexi Plan (Superior),"Standard Ward - HKD25,000 Deductible",Limited (see doc),tier2,Restricted (see doc),tier2,Network restricted,Y,,30,tier1,None,tier1,,750,14000,50000,30000,,tier2,tier2,,ok,https://www.vhis.gov.hk/doc/certifiedplan/fp/F00056/F00056-08-000-02-PlanDoc-e.pdf
F00012-01-000-03,1 July 2026,CIGNA Worldwide General Insurance Company Limited,Cigna VHIS Series - Flexi Plan (SMM),Flexi Plan SMM,Worldwide,tier1,No restriction,tier1,No restriction,Y,,30,tier1,None,tier1,1000000,1200,14000,70000,30000,,tier2,tier1,,ok,https://www.vhis.gov.hk/doc/certifiedplan/fp/F00012/F00012-01-000-03-PlanDoc-e.pdf
F00016-01-000-06,1 July 2026,CIGNA Worldwide General Insurance Company Limited,Cigna VHIS Series - Flexi Plan (Superior),Semi-Private Room - HKD0 Deductible,Limited (see doc),tier2,Restricted (see doc),tier2,Network restricted,Y,,30,tier1,None,tier1,,750,14000,50000,30000,,tier2,tier2,,ok,https://www.vhis.gov.hk/doc/certifiedplan/fp/F00016/F00016-01-000-06-PlanDoc-e.pdf
F00016-02-000-06,1 July 2026,CIGNA Worldwide General Insurance Company Limited,Cigna VHIS Series - Flexi Plan (Superior),"Semi-Private Room - HKD15,000 Deductible",Limited (see doc),tier2,Restricted (see doc),tier2,Network restricted,Y,,30,tier1,None,tier1,,750,14000,50000,30000,,tier2,tier2,,ok,https://www.vhis.gov.hk/doc/certifiedplan/fp/F00016/F00016-02-000-06-PlanDoc-e.pdf
F00016-03-000-06,1 July 2026,CIGNA Worldwide General Insurance Company Limited,Cigna VHIS Series - Flexi Plan (Superior),"Semi-Private Room - HKD25,000 Deductible",Limited (see doc),tier2,Restricted (see doc),tier2,Network restricted,Y,,30,tier1,None,tier1,,750,14000,50000,30000,,tier2,tier2,,ok,https://www.vhis.gov.hk/doc/certifiedplan/fp/F00016/F00016-03-000-06-PlanDoc-e.pdf
F00016-04-000-06,1 July 2026,CIGNA Worldwide General Insurance Company Limited,Cigna VHIS Series - Flexi Plan (Superior),"Semi-Private Room - HKD50,000 Deductible",Limited (see doc),tier2,Restricted (see doc),tier2,Network restricted,Y,,30,tier1,None,tier1,,750,14000,50000,30000,,tier2,tier2,,ok,https://www.vhis.gov.hk/doc/certifiedplan/fp/F00016/F00016-04-000-06-PlanDoc-e.pdf
F00016-05-000-05,1 July 2026,CIGNA Worldwide General Insurance Company Limited,Cigna VHIS Series - Flexi Plan (Superior),"Semi-Private Room - HKD75,000 Deductible",Limited (see doc),tier2,Restricted (see doc),tier2,Network restricted,Y,,30,tier1,None,tier1,,750,14000,50000,30000,,tier2,tier2,,ok,https://www.vhis.gov.hk/doc/certifiedplan/fp/F00016/F00016-05-000-05-PlanDoc-e.pdf
F00016-06-000-04,1 July 2026,CIGNA Worldwide General Insurance Company Limited,Cigna VHIS Series - Flexi Plan (Superior),Standard Ward - HKD0 Deductible,Limited (see doc),tier2,Restricted (see doc),tier2,Network restricted,Y,,30,tier1,None,tier1,,750,14000,50000,30000,,tier2,tier2,,ok,https://www.vhis.gov.hk/doc/certifiedplan/fp/F00016/F00016-06-000-04-PlanDoc-e.pdf
F00016-07-000-04,1 July 2026,CIGNA Worldwide General Insurance Company Limited,Cigna VHIS Series - Flexi Plan (Superior),"Standard Ward - HKD15,000 Deductible",Limited (see doc),tier2,Restricted (see doc),tier2,Network restricted,Y,,30,tier1,None,tier1,,750,14000,50000,30000,,tier2,tier2,,ok,https://www.vhis.gov.hk/doc/certifiedplan/fp/F00016/F00016-07-000-04-PlanDoc-e.pdf
F00016-08-000-04,1 July 2026,CIGNA Worldwide General Insurance Company Limited,Cigna VHIS Series - Flexi Plan (Superior),"Standard Ward - HKD25,000 Deductible",Limited (see doc),tier2,Restricted (see doc),tier2,Network restricted,Y,,30,tier1,None,tier1,,750,14000,50000,30000,,tier2,tier2,,ok,https://www.vhis.gov.hk/doc/certifiedplan/fp/F00016/F00016-08-000-04-PlanDoc-e.pdf
F00069-01-000-02,2 February 2026,FWD Life Insurance Company (Bermuda) Limited,vBooster Medical Plan,HKD0 Deductible,Limited (see doc),tier2,Restricted (see doc),tier2,No restriction,Y,,,tier1,None,tier1,8000000,,,,40000,,tier2,tier2,,ok,https://www.vhis.gov.hk/doc/certifiedplan/fp/F00069/F00069-01-000-02-PlanDoc-e.pdf
F00069-02-000-02,2 February 2026,FWD Life Insurance Company (Bermuda) Limited,vBooster Medical Plan,"HKD16,000 Deductible",Limited (see doc),tier2,Restricted (see doc),tier2,No restriction,Y,,,tier1,None,tier1,8000000,,,,40000,,tier2,tier2,,ok,https://www.vhis.gov.hk/doc/certifiedplan/fp/F00069/F00069-02-000-02-PlanDoc-e.pdf
F00069-03-000-02,2 February 2026,FWD Life Insurance Company (Bermuda) Limited,vBooster Medical Plan,"HKD25,000 Deductible",Limited (see doc),tier2,Restricted (see doc),tier2,No restriction,Y,,,tier1,None,tier1,8000000,,,,40000,,tier2,tier2,,ok,https://www.vhis.gov.hk/doc/certifiedplan/fp/F00069/F00069-03-000-02-PlanDoc-e.pdf
F00069-04-000-02,2 February 2026,FWD Life Insurance Company (Bermuda) Limited,vBooster Medical Plan,"HKD50,000 Deductible",Limited (see doc),tier2,Restricted (see doc),tier2,No restriction,Y,,,tier1,None,tier1,8000000,,,,40000,,tier2,tier2,,ok,https://www.vhis.gov.hk/doc/certifiedplan/fp/F00069/F00069-04-000-02-PlanDoc-e.pdf
F00069-05-000-02,2 February 2026,FWD Life Insurance Company (Bermuda) Limited,vBooster Medical Plan,"HKD100,000 Deductible",Limited (see doc),tier2,Restricted (see doc),tier2,No restriction,Y,,,tier1,None,tier1,8000000,,,,40000,,tier2,tier2,,ok,https://www.vhis.gov.hk/doc/certifiedplan/fp/F00069/F00069-05-000-02-PlanDoc-e.pdf
F00069-06-000-02,2 February 2026,FWD Life Insurance Company (Bermuda) Limited,vBooster Medical Plan,"HKD180,000 Deductible",Limited (see doc),tier2,Restricted (see doc),tier2,No restriction,Y,,,tier1,None,tier1,8000000,,,,40000,,tier2,tier2,,ok,https://www.vhis.gov.hk/doc/certifiedplan/fp/F00069/F00069-06-000-02-PlanDoc-e.pdf
F00051-01-000-03,2 June 2025,FWD Life Insurance Company (Bermuda) Limited,vCANsurance Medical Plan,Standard,Worldwide,tier1,Restricted (see doc),tier2,No restriction,Y,,,tier1,None,tier1,,,,,,,tier3,tier2,,ok,https://www.vhis.gov.hk/doc/certifiedplan/fp/F00051/F00051-01-000-03-PlanDoc-e.pdf
F00051-02-000-03,2 June 2025,FWD Life Insurance Company (Bermuda) Limited,vCANsurance Medical Plan,Superior,Worldwide,tier1,Restricted (see doc),tier2,No restriction,Y,,,tier1,None,tier1,,,,,,,tier3,tier2,,ok,https://www.vhis.gov.hk/doc/certifiedplan/fp/F00051/F00051-02-000-03-PlanDoc-e.pdf
F00015-01-000-03,2 February 2026,FWD Life Insurance Company (Bermuda) Limited,vCare Medical Plan,vCare Medical Plan,Worldwide,tier1,No restriction,tier1,No restriction,N,0,30,tier1,None,tier1,520000,,14500,,30000,,tier2,tier1,,ok,https://www.vhis.gov.hk/doc/certifiedplan/fp/F00015/F00015-01-000-03-PlanDoc-e.pdf
F00032-01-000-05,2 June 2025,FWD Life Insurance Company (Bermuda) Limited,vCare Supreme Medical Plan,vCare Supreme Medical Plan,Worldwide,tier1,No restriction,tier1,No restriction,Y,,30,tier1,None,tier1,,,16000,,30000,,tier2,tier1,,ok,https://www.vhis.gov.hk/doc/certifiedplan/fp/F00032/F00032-01-000-05-PlanDoc-e.pdf
F00072-01-000-01,4 March 2024,FWD Life Insurance Company (Bermuda) Limited,vFamily Medical Plan ,Standard,Worldwide,tier1,Restricted (see doc),tier2,No restriction,Y,,,tier1,None,tier1,,,,,,,tier3,tier2,,ok,https://www.vhis.gov.hk/doc/certifiedplan/fp/F00072/F00072-01-000-01-PlanDoc-e.pdf
F00045-01-000-05,2 February 2026,FWD Life Insurance Company (Bermuda) Limited,vPrime Medical Plan,HKD0 Deductible,Limited (see doc),tier2,Restricted (see doc),tier2,No restriction,Y,,,tier1,None,tier1,,,,,,,tier3,tier2,,ok,https://www.vhis.gov.hk/doc/certifiedplan/fp/F00045/F00045-01-000-05-PlanDoc-e.pdf
F00045-02-000-05,2 February 2026,FWD Life Insurance Company (Bermuda) Limited,vPrime Medical Plan,"HKD16,000 Deductible",Limited (see doc),tier2,Restricted (see doc),tier2,No restriction,Y,,,tier1,None,tier1,,,,,,,tier3,tier2,,ok,https://www.vhis.gov.hk/doc/certifiedplan/fp/F00045/F00045-02-000-05-PlanDoc-e.pdf
F00045-03-000-05,2 February 2026,FWD Life Insurance Company (Bermuda) Limited,vPrime Medical Plan,"HKD25,000 Deductible",Limited (see doc),tier2,Restricted (see doc),tier2,No restriction,Y,,,tier1,None,tier1,,,,,,,tier3,tier2,,ok,https://www.vhis.gov.hk/doc/certifiedplan/fp/F00045/F00045-03-000-05-PlanDoc-e.pdf
F00045-04-000-05,2 February 2026,FWD Life Insurance Company (Bermuda) Limited,vPrime Medical Plan,"HKD50,000 Deductible",Limited (see doc),tier2,Restricted (see doc),tier2,No restriction,Y,,,tier1,None,tier1,,,,,,,tier3,tier2,,ok,https://www.vhis.gov.hk/doc/certifiedplan/fp/F00045/F00045-04-000-05-PlanDoc-e.pdf
F00045-05-000-03,2 February 2026,FWD Life Insurance Company (Bermuda) Limited,vPrime Medical Plan,"HKD100,000 Deductible",Limited (see doc),tier2,Restricted (see doc),tier2,No restriction,Y,,,tier1,None,tier1,,,,,,,tier3,tier2,,ok,https://www.vhis.gov.hk/doc/certifiedplan/fp/F00045/F00045-05-000-03-PlanDoc-e.pdf
F00045-06-000-03,2 February 2026,FWD Life Insurance Company (Bermuda) Limited,vPrime Medical Plan,"HKD250,000 Deductible",Limited (see doc),tier2,Restricted (see doc),tier2,No restriction,Y,,,tier1,None,tier1,,,,,,,tier3,tier2,,ok,https://www.vhis.gov.hk/doc/certifiedplan/fp/F00045/F00045-06-000-03-PlanDoc-e.pdf
F00070-01-000-02,2 February 2026,FWD Life Insurance Company (Bermuda) Limited,vPrime Signature Medical Plan,Standard (HKD0 Deductible),Limited (see doc),tier2,Restricted (see doc),tier2,No restriction,Y,,,tier1,None,tier1,,,,,,,tier3,tier2,,ok,https://www.vhis.gov.hk/doc/certifiedplan/fp/F00070/F00070-01-000-02-PlanDoc-e.pdf
F00070-02-000-02,2 February 2026,FWD Life Insurance Company (Bermuda) Limited,vPrime Signature Medical Plan,"Standard (HKD16,000 Deductible)",Limited (see doc),tier2,Restricted (see doc),tier2,No restriction,Y,,,tier1,None,tier1,,,,,,,tier3,tier2,,ok,https://www.vhis.gov.hk/doc/certifiedplan/fp/F00070/F00070-02-000-02-PlanDoc-e.pdf
F00070-03-000-02,2 February 2026,FWD Life Insurance Company (Bermuda) Limited,vPrime Signature Medical Plan,"Standard (HKD25,000 Deductible)",Limited (see doc),tier2,Restricted (see doc),tier2,No restriction,Y,,,tier1,None,tier1,,,,,,,tier3,tier2,,ok,https://www.vhis.gov.hk/doc/certifiedplan/fp/F00070/F00070-03-000-02-PlanDoc-e.pdf
F00070-04-000-02,2 February 2026,FWD Life Insurance Company (Bermuda) Limited,vPrime Signature Medical Plan,"Standard (HKD50,000 Deductible)",Limited (see doc),tier2,Restricted (see doc),tier2,No restriction,Y,,,tier1,None,tier1,,,,,,,tier3,tier2,,ok,https://www.vhis.gov.hk/doc/certifiedplan/fp/F00070/F00070-04-000-02-PlanDoc-e.pdf
F00070-05-000-02,2 February 2026,FWD Life Insurance Company (Bermuda) Limited,vPrime Signature Medical Plan,"Standard (HKD100,000 Deductible)",Limited (see doc),tier2,Restricted (see doc),tier2,No restriction,Y,,,tier1,None,tier1,,,,,,,tier3,tier2,,ok,https://www.vhis.gov.hk/doc/certifiedplan/fp/F00070/F00070-05-000-02-PlanDoc-e.pdf
F00070-06-000-02,2 February 2026,FWD Life Insurance Company (Bermuda) Limited,vPrime Signature Medical Plan,"Standard (HKD250,000 Deductible)",Limited (see doc),tier2,Restricted (see doc),tier2,No restriction,Y,,,tier1,None,tier1,,,,,,,tier3,tier2,,ok,https://www.vhis.gov.hk/doc/certifiedplan/fp/F00070/F00070-06-000-02-PlanDoc-e.pdf
F00070-07-000-02,2 February 2026,FWD Life Insurance Company (Bermuda) Limited,vPrime Signature Medical Plan,Superior (HKD0 Deductible),Limited (see doc),tier2,Restricted (see doc),tier2,No restriction,Y,,,tier1,None,tier1,,,,,,,tier3,tier2,,ok,https://www.vhis.gov.hk/doc/certifiedplan/fp/F00070/F00070-07-000-02-PlanDoc-e.pdf
F00070-08-000-02,2 February 2026,FWD Life Insurance Company (Bermuda) Limited,vPrime Signature Medical Plan,"Superior (HKD16,000 Deductible)",Limited (see doc),tier2,Restricted (see doc),tier2,No restriction,Y,,,tier1,None,tier1,,,,,,,tier3,tier2,,ok,https://www.vhis.gov.hk/doc/certifiedplan/fp/F00070/F00070-08-000-02-PlanDoc-e.pdf
F00070-09-000-02,2 February 2026,FWD Life Insurance Company (Bermuda) Limited,vPrime Signature Medical Plan,"Superior (HKD25,000 Deductible)",Limited (see doc),tier2,Restricted (see doc),tier2,No restriction,Y,,,tier1,None,tier1,,,,,,,tier3,tier2,,ok,https://www.vhis.gov.hk/doc/certifiedplan/fp/F00070/F00070-09-000-02-PlanDoc-e.pdf
F00070-10-000-02,2 February 2026,FWD Life Insurance Company (Bermuda) Limited,vPrime Signature Medical Plan,"Superior (HKD50,000 Deductible)",Limited (see doc),tier2,Restricted (see doc),tier2,No restriction,Y,,,tier1,None,tier1,,,,,,,tier3,tier2,,ok,https://www.vhis.gov.hk/doc/certifiedplan/fp/F00070/F00070-10-000-02-PlanDoc-e.pdf
F00070-11-000-02,2 February 2026,FWD Life Insurance Company (Bermuda) Limited,vPrime Signature Medical Plan,"Superior (HKD100,000 Deductible)",Limited (see doc),tier2,Restricted (see doc),tier2,No restriction,Y,,,tier1,None,tier1,,,,,,,tier3,tier2,,ok,https://www.vhis.gov.hk/doc/certifiedplan/fp/F00070/F00070-11-000-02-PlanDoc-e.pdf
F00070-12-000-02,2 February 2026,FWD Life Insurance Company (Bermuda) Limited,vPrime Signature Medical Plan,"Superior (HKD250,000 Deductible)",Limited (see doc),tier2,Restricted (see doc),tier2,No restriction,Y,,,tier1,None,tier1,,,,,,,tier3,tier2,,ok,https://www.vhis.gov.hk/doc/certifiedplan/fp/F00070/F00070-12-000-02-PlanDoc-e.pdf
F00067-01-000-02,2 June 2025,FWD Life Insurance Company (Bermuda) Limited,vTheOne Medical Plan ,Standard (HKD0 Deductible),Limited (see doc),tier2,Restricted (see doc),tier2,Network restricted,Y,,,tier1,None,tier1,,,,,,,tier3,tier2,,ok,https://www.vhis.gov.hk/doc/certifiedplan/fp/F00067/F00067-01-000-02-PlanDoc-e.pdf
F00067-02-000-02,2 June 2025,FWD Life Insurance Company (Bermuda) Limited,vTheOne Medical Plan ,"Standard (HKD25,000 Deductible)",Limited (see doc),tier2,Restricted (see doc),tier2,Network restricted,Y,,,tier1,None,tier1,,,,,,,tier3,tier2,,ok,https://www.vhis.gov.hk/doc/certifiedplan/fp/F00067/F00067-02-000-02-PlanDoc-e.pdf
F00067-03-000-02,2 June 2025,FWD Life Insurance Company (Bermuda) Limited,vTheOne Medical Plan ,"Standard (HKD40,000 Deductible)",Limited (see doc),tier2,Restricted (see doc),tier2,Network restricted,Y,,,tier1,None,tier1,,,,,,,tier3,tier2,,ok,https://www.vhis.gov.hk/doc/certifiedplan/fp/F00067/F00067-03-000-02-PlanDoc-e.pdf
F00067-04-000-02,2 June 2025,FWD Life Insurance Company (Bermuda) Limited,vTheOne Medical Plan ,"Standard (HKD80,000 Deductible)",Limited (see doc),tier2,Restricted (see doc),tier2,Network restricted,Y,,,tier1,None,tier1,,,,,,,tier3,tier2,,ok,https://www.vhis.gov.hk/doc/certifiedplan/fp/F00067/F00067-04-000-02-PlanDoc-e.pdf
F00067-05-000-02,2 June 2025,FWD Life Insurance Company (Bermuda) Limited,vTheOne Medical Plan ,"Standard (HKD120,000 Deductible)",Limited (see doc),tier2,Restricted (see doc),tier2,Network restricted,Y,,,tier1,None,tier1,,,,,,,tier3,tier2,,ok,https://www.vhis.gov.hk/doc/certifiedplan/fp/F00067/F00067-05-000-02-PlanDoc-e.pdf
F00067-06-000-02,2 June 2025,FWD Life Insurance Company (Bermuda) Limited,vTheOne Medical Plan ,"Standard (HKD250,000 Deductible)",Limited (see doc),tier2,Restricted (see doc),tier2,Network restricted,Y,,,tier1,None,tier1,,,,,,,tier3,tier2,,ok,https://www.vhis.gov.hk/doc/certifiedplan/fp/F00067/F00067-06-000-02-PlanDoc-e.pdf
F00067-07-000-02,2 June 2025,FWD Life Insurance Company (Bermuda) Limited,vTheOne Medical Plan ,Standard Plus (HKD0 Deductible),Limited (see doc),tier2,Restricted (see doc),tier2,Network restricted,Y,,,tier1,None,tier1,,,,,,,tier3,tier2,,ok,https://www.vhis.gov.hk/doc/certifiedplan/fp/F00067/F00067-07-000-02-PlanDoc-e.pdf
F00067-08-000-02,2 June 2025,FWD Life Insurance Company (Bermuda) Limited,vTheOne Medical Plan ,"Standard Plus (HKD25,000 Deductible)",Limited (see doc),tier2,Restricted (see doc),tier2,Network restricted,Y,,,tier1,None,tier1,,,,,,,tier3,tier2,,ok,https://www.vhis.gov.hk/doc/certifiedplan/fp/F00067/F00067-08-000-02-PlanDoc-e.pdf
F00067-09-000-02,2 June 2025,FWD Life Insurance Company (Bermuda) Limited,vTheOne Medical Plan ,"Standard Plus (HKD40,000 Deductible)",Limited (see doc),tier2,Restricted (see doc),tier2,Network restricted,Y,,,tier1,None,tier1,,,,,,,tier3,tier2,,ok,https://www.vhis.gov.hk/doc/certifiedplan/fp/F00067/F00067-09-000-02-PlanDoc-e.pdf
F00067-10-000-02,2 June 2025,FWD Life Insurance Company (Bermuda) Limited,vTheOne Medical Plan ,"Standard Plus (HKD80,000 Deductible)",Limited (see doc),tier2,Restricted (see doc),tier2,Network restricted,Y,,,tier1,None,tier1,,,,,,,tier3,tier2,,ok,https://www.vhis.gov.hk/doc/certifiedplan/fp/F00067/F00067-10-000-02-PlanDoc-e.pdf
F00067-11-000-02,2 June 2025,FWD Life Insurance Company (Bermuda) Limited,vTheOne Medical Plan ,"Standard Plus (HKD120,000 Deductible)",Limited (see doc),tier2,Restricted (see doc),tier2,Network restricted,Y,,,tier1,None,tier1,,,,,,,tier3,tier2,,ok,https://www.vhis.gov.hk/doc/certifiedplan/fp/F00067/F00067-11-000-02-PlanDoc-e.pdf
F00067-12-000-02,2 June 2025,FWD Life Insurance Company (Bermuda) Limited,vTheOne Medical Plan ,"Standard Plus (HKD250,000 Deductible)",Limited (see doc),tier2,Restricted (see doc),tier2,Network restricted,Y,,,tier1,None,tier1,,,,,,,tier3,tier2,,ok,https://www.vhis.gov.hk/doc/certifiedplan/fp/F00067/F00067-12-000-02-PlanDoc-e.pdf
F00067-13-000-02,2 June 2025,FWD Life Insurance Company (Bermuda) Limited,vTheOne Medical Plan ,Superior (HKD0 Deductible),Limited (see doc),tier2,Restricted (see doc),tier2,Network restricted,Y,,,tier1,None,tier1,,,,,,,tier3,tier2,,ok,https://www.vhis.gov.hk/doc/certifiedplan/fp/F00067/F00067-13-000-02-PlanDoc-e.pdf
F00067-14-000-02,2 June 2025,FWD Life Insurance Company (Bermuda) Limited,vTheOne Medical Plan ,"Superior (HKD25,000 Deductible)",Limited (see doc),tier2,Restricted (see doc),tier2,Network restricted,Y,,,tier1,None,tier1,,,,,,,tier3,tier2,,ok,https://www.vhis.gov.hk/doc/certifiedplan/fp/F00067/F00067-14-000-02-PlanDoc-e.pdf
F00067-15-000-02,2 June 2025,FWD Life Insurance Company (Bermuda) Limited,vTheOne Medical Plan ,"Superior (HKD40,000 Deductible)",Limited (see doc),tier2,Restricted (see doc),tier2,Network restricted,Y,,,tier1,None,tier1,,,,,,,tier3,tier2,,ok,https://www.vhis.gov.hk/doc/certifiedplan/fp/F00067/F00067-15-000-02-PlanDoc-e.pdf
F00067-16-000-02,2 June 2025,FWD Life Insurance Company (Bermuda) Limited,vTheOne Medical Plan ,"Superior (HKD80,000 Deductible)",Limited (see doc),tier2,Restricted (see doc),tier2,Network restricted,Y,,,tier1,None,tier1,,,,,,,tier3,tier2,,ok,https://www.vhis.gov.hk/doc/certifiedplan/fp/F00067/F00067-16-000-02-PlanDoc-e.pdf
F00067-17-000-02,2 June 2025,FWD Life Insurance Company (Bermuda) Limited,vTheOne Medical Plan ,"Superior (HKD120,000 Deductible)",Limited (see doc),tier2,Restricted (see doc),tier2,Network restricted,Y,,,tier1,None,tier1,,,,,,,tier3,tier2,,ok,https://www.vhis.gov.hk/doc/certifiedplan/fp/F00067/F00067-17-000-02-PlanDoc-e.pdf
F00067-18-000-02,2 June 2025,FWD Life Insurance Company (Bermuda) Limited,vTheOne Medical Plan ,"Superior (HKD250,000 Deductible)",Limited (see doc),tier2,Restricted (see doc),tier2,Network restricted,Y,,,tier1,None,tier1,,,,,,,tier3,tier2,,ok,https://www.vhis.gov.hk/doc/certifiedplan/fp/F00067/F00067-18-000-02-PlanDoc-e.pdf
F00067-19-000-02,2 June 2025,FWD Life Insurance Company (Bermuda) Limited,vTheOne Medical Plan ,Premier (HKD0 Deductible),Limited (see doc),tier2,Restricted (see doc),tier2,Network restricted,Y,,,tier1,None,tier1,20000000,,,,,,tier2,tier2,,ok,https://www.vhis.gov.hk/doc/certifiedplan/fp/F00067/F00067-19-000-02-PlanDoc-e.pdf
F00067-20-000-02,2 June 2025,FWD Life Insurance Company (Bermuda) Limited,vTheOne Medical Plan ,"Premier (HKD25,000 Deductible)",Limited (see doc),tier2,Restricted (see doc),tier2,Network restricted,Y,,,tier1,None,tier1,20000000,,,,,,tier2,tier2,,ok,https://www.vhis.gov.hk/doc/certifiedplan/fp/F00067/F00067-20-000-02-PlanDoc-e.pdf
F00067-21-000-02,2 June 2025,FWD Life Insurance Company (Bermuda) Limited,vTheOne Medical Plan ,"Premier (HKD40,000 Deductible)",Limited (see doc),tier2,Restricted (see doc),tier2,Network restricted,Y,,,tier1,None,tier1,20000000,,,,,,tier2,tier2,,ok,https://www.vhis.gov.hk/doc/certifiedplan/fp/F00067/F00067-21-000-02-PlanDoc-e.pdf
F00067-22-000-02,2 June 2025,FWD Life Insurance Company (Bermuda) Limited,vTheOne Medical Plan ,"Premier (HKD80,000 Deductible)",Limited (see doc),tier2,Restricted (see doc),tier2,Network restricted,Y,,,tier1,None,tier1,20000000,,,,,,tier2,tier2,,ok,https://www.vhis.gov.hk/doc/certifiedplan/fp/F00067/F00067-22-000-02-PlanDoc-e.pdf
F00067-23-000-02,2 June 2025,FWD Life Insurance Company (Bermuda) Limited,vTheOne Medical Plan ,"Premier (HKD120,000 Deductible)",Limited (see doc),tier2,Restricted (see doc),tier2,Network restricted,Y,,,tier1,None,tier1,20000000,,,,,,tier2,tier2,,ok,https://www.vhis.gov.hk/doc/certifiedplan/fp/F00067/F00067-23-000-02-PlanDoc-e.pdf
F00067-24-000-02,2 June 2025,FWD Life Insurance Company (Bermuda) Limited,vTheOne Medical Plan ,"Premier (HKD250,000 Deductible)",Limited (see doc),tier2,Restricted (see doc),tier2,Network restricted,Y,,,tier1,None,tier1,20000000,,,,,,tier2,tier2,,ok,https://www.vhis.gov.hk/doc/certifiedplan/fp/F00067/F00067-24-000-02-PlanDoc-e.pdf
F00039-01-000-02,29 September 2025,Hong Kong Life Insurance Limited,Health Supreme Medical Plan,Plan I,Worldwide,tier1,No restriction,tier1,No restriction,Y,,30,tier1,None,tier1,550000,750,14000,50000,30000,,tier2,tier1,,ok,https://www.vhis.gov.hk/doc/certifiedplan/fp/F00039/F00039-01-000-02-PlanDoc-e.pdf
F00039-01-001-02,29 September 2025,Hong Kong Life Insurance Limited,Health Supreme Medical Plan,Plan I with SMM,Worldwide,tier1,No restriction,tier1,No restriction,Y,,15,tier1,None,tier1,,750,,,,,tier2,tier1,,ok,https://www.vhis.gov.hk/doc/certifiedplan/fp/F00039/F00039-01-001-02-PlanDoc-e.pdf
F00039-02-000-02,29 September 2025,Hong Kong Life Insurance Limited,Health Supreme Medical Plan,Plan II,Worldwide,tier1,No restriction,tier1,No restriction,Y,,30,tier1,None,tier1,850000,2000,22000,80000,35000,,tier2,tier1,,ok,https://www.vhis.gov.hk/doc/certifiedplan/fp/F00039/F00039-02-000-02-PlanDoc-e.pdf
F00039-02-001-02,29 September 2025,Hong Kong Life Insurance Limited,Health Supreme Medical Plan,Plan II with SMM,Worldwide,tier1,No restriction,tier1,No restriction,Y,,15,tier1,None,tier1,,2000,,,,,tier2,tier1,,ok,https://www.vhis.gov.hk/doc/certifiedplan/fp/F00039/F00039-02-001-02-PlanDoc-e.pdf
F00039-03-000-02,29 September 2025,Hong Kong Life Insurance Limited,Health Supreme Medical Plan,Plan III,Worldwide,tier1,No restriction,tier1,No restriction,Y,,30,tier1,None,tier1,1200000,4000,35000,120000,40000,,tier2,tier1,,ok,https://www.vhis.gov.hk/doc/certifiedplan/fp/F00039/F00039-03-000-02-PlanDoc-e.pdf
F00039-03-001-02,29 September 2025,Hong Kong Life Insurance Limited,Health Supreme Medical Plan,Plan III with SMM,Worldwide,tier1,No restriction,tier1,No restriction,Y,,15,tier1,None,tier1,,4000,,,,,tier2,tier1,,ok,https://www.vhis.gov.hk/doc/certifiedplan/fp/F00039/F00039-03-001-02-PlanDoc-e.pdf
F00049-01-000-03,16 April 2025,HSBC Life (International) Limited,HSBC Voluntary Health Insurance Flexi Plan,Bronze level (HKD0 Deductible),Limited (see doc),tier2,Restricted (see doc),tier2,No restriction,,,,tier3,Capped (see doc),tier2,5000000,,,,30000,,tier2,tier3,has_deductible,ok,https://www.vhis.gov.hk/doc/certifiedplan/fp/F00049/F00049-01-000-03-PlanDoc-e.pdf
F00049-02-000-03,16 April 2025,HSBC Life (International) Limited,HSBC Voluntary Health Insurance Flexi Plan,"Bronze level (HKD16,000 Deductible)",Limited (see doc),tier2,Restricted (see doc),tier2,No restriction,,,,tier3,Capped (see doc),tier2,5000000,,,,30000,,tier2,tier3,has_deductible,ok,https://www.vhis.gov.hk/doc/certifiedplan/fp/F00049/F00049-02-000-03-PlanDoc-e.pdf
F00049-03-000-03,16 April 2025,HSBC Life (International) Limited,HSBC Voluntary Health Insurance Flexi Plan,"Bronze level (HKD50,000 Deductible)",Limited (see doc),tier2,Restricted (see doc),tier2,No restriction,,,,tier3,Capped (see doc),tier2,5000000,,,,30000,,tier2,tier3,has_deductible,ok,https://www.vhis.gov.hk/doc/certifiedplan/fp/F00049/F00049-03-000-03-PlanDoc-e.pdf
F00049-04-000-03,16 April 2025,HSBC Life (International) Limited,HSBC Voluntary Health Insurance Flexi Plan,"Bronze level (HKD100,000 Deductible)",Limited (see doc),tier2,Restricted (see doc),tier2,No restriction,,,,tier3,Capped (see doc),tier2,5000000,,,,30000,,tier2,tier3,has_deductible,ok,https://www.vhis.gov.hk/doc/certifiedplan/fp/F00049/F00049-04-000-03-PlanDoc-e.pdf
F00049-05-000-03,16 April 2025,HSBC Life (International) Limited,HSBC Voluntary Health Insurance Flexi Plan,Silver level (HKD0 Deductible),Limited (see doc),tier2,Restricted (see doc),tier2,No restriction,,,,tier3,Capped (see doc),tier2,25000000,,,,30000,,tier2,tier3,has_deductible,ok,https://www.vhis.gov.hk/doc/certifiedplan/fp/F00049/F00049-05-000-03-PlanDoc-e.pdf
F00049-06-000-03,16 April 2025,HSBC Life (International) Limited,HSBC Voluntary Health Insurance Flexi Plan,"Silver level (HKD16,000 Deductible)",Limited (see doc),tier2,Restricted (see doc),tier2,No restriction,,,,tier3,Capped (see doc),tier2,25000000,,,,30000,,tier2,tier3,has_deductible,ok,https://www.vhis.gov.hk/doc/certifiedplan/fp/F00049/F00049-06-000-03-PlanDoc-e.pdf
F00049-07-000-03,16 April 2025,HSBC Life (International) Limited,HSBC Voluntary Health Insurance Flexi Plan,"Silver level (HKD50,000 Deductible)",Limited (see doc),tier2,Restricted (see doc),tier2,No restriction,,,,tier3,Capped (see doc),tier2,25000000,,,,30000,,tier2,tier3,has_deductible,ok,https://www.vhis.gov.hk/doc/certifiedplan/fp/F00049/F00049-07-000-03-PlanDoc-e.pdf
F00049-08-000-03,16 April 2025,HSBC Life (International) Limited,HSBC Voluntary Health Insurance Flexi Plan,"Silver level (HKD100,000 Deductible)",Limited (see doc),tier2,Restricted (see doc),tier2,No restriction,,,,tier3,Capped (see doc),tier2,25000000,,,,30000,,tier2,tier3,has_deductible,ok,https://www.vhis.gov.hk/doc/certifiedplan/fp/F00049/F00049-08-000-03-PlanDoc-e.pdf
F00049-09-000-03,16 April 2025,HSBC Life (International) Limited,HSBC Voluntary Health Insurance Flexi Plan,Gold level (HKD0 Deductible),Limited (see doc),tier2,Restricted (see doc),tier2,No restriction,,,,tier3,Capped (see doc),tier2,30000000,,,,30000,,tier2,tier3,has_deductible,ok,https://www.vhis.gov.hk/doc/certifiedplan/fp/F00049/F00049-09-000-03-PlanDoc-e.pdf
F00049-10-000-03,16 April 2025,HSBC Life (International) Limited,HSBC Voluntary Health Insurance Flexi Plan,"Gold level (HKD16,000 Deductible)",Limited (see doc),tier2,Restricted (see doc),tier2,No restriction,,,,tier3,Capped (see doc),tier2,30000000,,,,30000,,tier2,tier3,has_deductible,ok,https://www.vhis.gov.hk/doc/certifiedplan/fp/F00049/F00049-10-000-03-PlanDoc-e.pdf
F00049-11-000-03,16 April 2025,HSBC Life (International) Limited,HSBC Voluntary Health Insurance Flexi Plan,"Gold level (HKD50,000 Deductible)",Limited (see doc),tier2,Restricted (see doc),tier2,No restriction,,,,tier3,Capped (see doc),tier2,30000000,,,,30000,,tier2,tier3,has_deductible,ok,https://www.vhis.gov.hk/doc/certifiedplan/fp/F00049/F00049-11-000-03-PlanDoc-e.pdf
F00049-12-000-03,16 April 2025,HSBC Life (International) Limited,HSBC Voluntary Health Insurance Flexi Plan,"Gold level (HKD100,000 Deductible)",Limited (see doc),tier2,Restricted (see doc),tier2,No restriction,,,,tier3,Capped (see doc),tier2,30000000,,,,30000,,tier2,tier3,has_deductible,ok,https://www.vhis.gov.hk/doc/certifiedplan/fp/F00049/F00049-12-000-03-PlanDoc-e.pdf
F00049-13-000-03,16 April 2025,HSBC Life (International) Limited,HSBC Voluntary Health Insurance Flexi Plan,Diamond level (HKD0 Deductible),Limited (see doc),tier2,Restricted (see doc),tier2,No restriction,,,,tier3,Capped (see doc),tier2,40000000,,,,50000,,tier2,tier3,has_deductible,ok,https://www.vhis.gov.hk/doc/certifiedplan/fp/F00049/F00049-13-000-03-PlanDoc-e.pdf
F00049-14-000-03,16 April 2025,HSBC Life (International) Limited,HSBC Voluntary Health Insurance Flexi Plan,"Diamond level (HKD16,000 Deductible)",Limited (see doc),tier2,Restricted (see doc),tier2,No restriction,,,,tier3,Capped (see doc),tier2,40000000,,,,50000,,tier2,tier3,has_deductible,ok,https://www.vhis.gov.hk/doc/certifiedplan/fp/F00049/F00049-14-000-03-PlanDoc-e.pdf
F00049-15-000-03,16 April 2025,HSBC Life (International) Limited,HSBC Voluntary Health Insurance Flexi Plan,"Diamond level (HKD50,000 Deductible)",Limited (see doc),tier2,Restricted (see doc),tier2,No restriction,,,,tier3,Capped (see doc),tier2,40000000,,,,50000,,tier2,tier3,has_deductible,ok,https://www.vhis.gov.hk/doc/certifiedplan/fp/F00049/F00049-15-000-03-PlanDoc-e.pdf
F00049-16-000-03,16 April 2025,HSBC Life (International) Limited,HSBC Voluntary Health Insurance Flexi Plan,"Diamond level (HKD100,000 Deductible)",Limited (see doc),tier2,Restricted (see doc),tier2,No restriction,,,,tier3,Capped (see doc),tier2,40000000,,,,50000,,tier2,tier3,has_deductible,ok,https://www.vhis.gov.hk/doc/certifiedplan/fp/F00049/F00049-16-000-03-PlanDoc-e.pdf
F00049-17-000-01,16 April 2025,HSBC Life (International) Limited,HSBC Voluntary Health Insurance Flexi Plan,Platinum level (HKD0 Deductible),Limited (see doc),tier2,Restricted (see doc),tier2,No restriction,,,,tier3,Capped (see doc),tier2,35000000,,,,30000,,tier2,tier3,has_deductible,ok,https://www.vhis.gov.hk/doc/certifiedplan/fp/F00049/F00049-17-000-01-PlanDoc-e.pdf
F00049-18-000-01,16 April 2025,HSBC Life (International) Limited,HSBC Voluntary Health Insurance Flexi Plan,"Platinum level (HKD16,000 Deductible)",Limited (see doc),tier2,Restricted (see doc),tier2,No restriction,,,,tier3,Capped (see doc),tier2,35000000,,,,30000,,tier2,tier3,has_deductible,ok,https://www.vhis.gov.hk/doc/certifiedplan/fp/F00049/F00049-18-000-01-PlanDoc-e.pdf
F00049-19-000-01,16 April 2025,HSBC Life (International) Limited,HSBC Voluntary Health Insurance Flexi Plan,"Platinum level (HKD50,000 Deductible)",Limited (see doc),tier2,Restricted (see doc),tier2,No restriction,,,,tier3,Capped (see doc),tier2,35000000,,,,30000,,tier2,tier3,has_deductible,ok,https://www.vhis.gov.hk/doc/certifiedplan/fp/F00049/F00049-19-000-01-PlanDoc-e.pdf
F00049-20-000-01,16 April 2025,HSBC Life (International) Limited,HSBC Voluntary Health Insurance Flexi Plan,"Platinum level (HKD100,000 Deductible)",Limited (see doc),tier2,Restricted (see doc),tier2,No restriction,,,,tier3,Capped (see doc),tier2,35000000,,,,30000,,tier2,tier3,has_deductible,ok,https://www.vhis.gov.hk/doc/certifiedplan/fp/F00049/F00049-20-000-01-PlanDoc-e.pdf
F00079-01-000-01,23 June 2025,HSBC Life (International) Limited,HSBC Voluntary Health Insurance One Plan ,One Plan,Worldwide,tier1,No restriction,tier1,No restriction,,,30,tier3,None,tier1,,1000,14000,,30000,,tier2,tier3,has_deductible,ok,https://www.vhis.gov.hk/doc/certifiedplan/fp/F00079/F00079-01-000-01-PlanDoc-e.pdf
F00079-01-001-01,23 June 2025,HSBC Life (International) Limited,HSBC Voluntary Health Insurance One Plan ,One Plan with SMM,Worldwide,tier1,No restriction,tier1,No restriction,,,30,tier3,None,tier1,,1000,14000,,30000,,tier2,tier3,has_deductible,ok,https://www.vhis.gov.hk/doc/certifiedplan/fp/F00079/F00079-01-001-01-PlanDoc-e.pdf
F00076-01-000-02,22 September 2025,HSBC Life (International) Limited,Vital Care Voluntary Health Insurance Flexi Plan,Bronze level (HKD0 Deductible),Limited (see doc),tier2,Restricted (see doc),tier2,No restriction,,,,tier3,Capped (see doc),tier2,5000000,,,,30000,,tier2,tier3,has_deductible,ok,https://www.vhis.gov.hk/doc/certifiedplan/fp/F00076/F00076-01-000-02-PlanDoc-e.pdf
F00076-02-000-02,22 September 2025,HSBC Life (International) Limited,Vital Care Voluntary Health Insurance Flexi Plan,"Bronze level (HKD16,000 Deductible)",Limited (see doc),tier2,Restricted (see doc),tier2,No restriction,,,,tier3,Capped (see doc),tier2,5000000,,,,30000,,tier2,tier3,has_deductible,ok,https://www.vhis.gov.hk/doc/certifiedplan/fp/F00076/F00076-02-000-02-PlanDoc-e.pdf
F00076-03-000-02,22 September 2025,HSBC Life (International) Limited,Vital Care Voluntary Health Insurance Flexi Plan,"Bronze level (HKD50,000 Deductible)",Limited (see doc),tier2,Restricted (see doc),tier2,No restriction,,,,tier3,Capped (see doc),tier2,5000000,,,,30000,,tier2,tier3,has_deductible,ok,https://www.vhis.gov.hk/doc/certifiedplan/fp/F00076/F00076-03-000-02-PlanDoc-e.pdf
F00076-04-000-02,22 September 2025,HSBC Life (International) Limited,Vital Care Voluntary Health Insurance Flexi Plan,"Bronze level (HKD100,000 Deductible)",Limited (see doc),tier2,Restricted (see doc),tier2,No restriction,,,,tier3,Capped (see doc),tier2,5000000,,,,30000,,tier2,tier3,has_deductible,ok,https://www.vhis.gov.hk/doc/certifiedplan/fp/F00076/F00076-04-000-02-PlanDoc-e.pdf
F00076-05-000-02,22 September 2025,HSBC Life (International) Limited,Vital Care Voluntary Health Insurance Flexi Plan,Silver level (HKD0 Deductible),Limited (see doc),tier2,Restricted (see doc),tier2,No restriction,,,,tier3,Capped (see doc),tier2,25000000,,,,30000,,tier2,tier3,has_deductible,ok,https://www.vhis.gov.hk/doc/certifiedplan/fp/F00076/F00076-05-000-02-PlanDoc-e.pdf
F00076-06-000-02,22 September 2025,HSBC Life (International) Limited,Vital Care Voluntary Health Insurance Flexi Plan,"Silver level (HKD16,000 Deductible)",Limited (see doc),tier2,Restricted (see doc),tier2,No restriction,,,,tier3,Capped (see doc),tier2,25000000,,,,30000,,tier2,tier3,has_deductible,ok,https://www.vhis.gov.hk/doc/certifiedplan/fp/F00076/F00076-06-000-02-PlanDoc-e.pdf
F00076-07-000-02,22 September 2025,HSBC Life (International) Limited,Vital Care Voluntary Health Insurance Flexi Plan,"Silver level (HKD50,000 Deductible)",Limited (see doc),tier2,Restricted (see doc),tier2,No restriction,,,,tier3,Capped (see doc),tier2,25000000,,,,30000,,tier2,tier3,has_deductible,ok,https://www.vhis.gov.hk/doc/certifiedplan/fp/F00076/F00076-07-000-02-PlanDoc-e.pdf
F00076-08-000-02,22 September 2025,HSBC Life (International) Limited,Vital Care Voluntary Health Insurance Flexi Plan,"Silver level (HKD100,000 Deductible)",Limited (see doc),tier2,Restricted (see doc),tier2,No restriction,,,,tier3,Capped (see doc),tier2,25000000,,,,30000,,tier2,tier3,has_deductible,ok,https://www.vhis.gov.hk/doc/certifiedplan/fp/F00076/F00076-08-000-02-PlanDoc-e.pdf
F00076-09-000-02,22 September 2025,HSBC Life (International) Limited,Vital Care Voluntary Health Insurance Flexi Plan,Gold level (HKD0 Deductible),Limited (see doc),tier2,Restricted (see doc),tier2,No restriction,,,,tier3,Capped (see doc),tier2,30000000,,,,30000,,tier2,tier3,has_deductible,ok,https://www.vhis.gov.hk/doc/certifiedplan/fp/F00076/F00076-09-000-02-PlanDoc-e.pdf
F00076-10-000-02,22 September 2025,HSBC Life (International) Limited,Vital Care Voluntary Health Insurance Flexi Plan,"Gold level (HKD16,000 Deductible)",Limited (see doc),tier2,Restricted (see doc),tier2,No restriction,,,,tier3,Capped (see doc),tier2,30000000,,,,30000,,tier2,tier3,has_deductible,ok,https://www.vhis.gov.hk/doc/certifiedplan/fp/F00076/F00076-10-000-02-PlanDoc-e.pdf
F00076-11-000-02,22 September 2025,HSBC Life (International) Limited,Vital Care Voluntary Health Insurance Flexi Plan,"Gold level (HKD50,000 Deductible)",Limited (see doc),tier2,Restricted (see doc),tier2,No restriction,,,,tier3,Capped (see doc),tier2,30000000,,,,30000,,tier2,tier3,has_deductible,ok,https://www.vhis.gov.hk/doc/certifiedplan/fp/F00076/F00076-11-000-02-PlanDoc-e.pdf
F00076-12-000-02,22 September 2025,HSBC Life (International) Limited,Vital Care Voluntary Health Insurance Flexi Plan,"Gold level (HKD100,000 Deductible)",Limited (see doc),tier2,Restricted (see doc),tier2,No restriction,,,,tier3,Capped (see doc),tier2,30000000,,,,30000,,tier2,tier3,has_deductible,ok,https://www.vhis.gov.hk/doc/certifiedplan/fp/F00076/F00076-12-000-02-PlanDoc-e.pdf
F00076-13-000-02,22 September 2025,HSBC Life (International) Limited,Vital Care Voluntary Health Insurance Flexi Plan,Diamond level (HKD0 Deductible),Limited (see doc),tier2,Restricted (see doc),tier2,No restriction,,,,tier3,Capped (see doc),tier2,40000000,,,,50000,,tier2,tier3,has_deductible,ok,https://www.vhis.gov.hk/doc/certifiedplan/fp/F00076/F00076-13-000-02-PlanDoc-e.pdf
F00076-14-000-02,22 September 2025,HSBC Life (International) Limited,Vital Care Voluntary Health Insurance Flexi Plan,"Diamond level (HKD16,000 Deductible)",Limited (see doc),tier2,Restricted (see doc),tier2,No restriction,,,,tier3,Capped (see doc),tier2,40000000,,,,50000,,tier2,tier3,has_deductible,ok,https://www.vhis.gov.hk/doc/certifiedplan/fp/F00076/F00076-14-000-02-PlanDoc-e.pdf
F00076-15-000-02,22 September 2025,HSBC Life (International) Limited,Vital Care Voluntary Health Insurance Flexi Plan,"Diamond level (HKD50,000 Deductible)",Limited (see doc),tier2,Restricted (see doc),tier2,No restriction,,,,tier3,Capped (see doc),tier2,40000000,,,,50000,,tier2,tier3,has_deductible,ok,https://www.vhis.gov.hk/doc/certifiedplan/fp/F00076/F00076-15-000-02-PlanDoc-e.pdf
F00076-16-000-02,22 September 2025,HSBC Life (International) Limited,Vital Care Voluntary Health Insurance Flexi Plan,"Diamond level (HKD100,000 Deductible)",Limited (see doc),tier2,Restricted (see doc),tier2,No restriction,,,,tier3,Capped (see doc),tier2,40000000,,,,50000,,tier2,tier3,has_deductible,ok,https://www.vhis.gov.hk/doc/certifiedplan/fp/F00076/F00076-16-000-02-PlanDoc-e.pdf
F00076-17-000-01,22 September 2025,HSBC Life (International) Limited,Vital Care Voluntary Health Insurance Flexi Plan,Platinum level (HKD0 Deductible),Limited (see doc),tier2,Restricted (see doc),tier2,No restriction,,,,tier3,Capped (see doc),tier2,35000000,,,,30000,,tier2,tier3,has_deductible,ok,https://www.vhis.gov.hk/doc/certifiedplan/fp/F00076/F00076-17-000-01-PlanDoc-e.pdf
F00076-18-000-01,22 September 2025,HSBC Life (International) Limited,Vital Care Voluntary Health Insurance Flexi Plan,"Platinum level (HKD16,000 Deductible)",Limited (see doc),tier2,Restricted (see doc),tier2,No restriction,,,,tier3,Capped (see doc),tier2,35000000,,,,30000,,tier2,tier3,has_deductible,ok,https://www.vhis.gov.hk/doc/certifiedplan/fp/F00076/F00076-18-000-01-PlanDoc-e.pdf
F00076-19-000-01,22 September 2025,HSBC Life (International) Limited,Vital Care Voluntary Health Insurance Flexi Plan,"Platinum level (HKD50,000 Deductible)",Limited (see doc),tier2,Restricted (see doc),tier2,No restriction,,,,tier3,Capped (see doc),tier2,35000000,,,,30000,,tier2,tier3,has_deductible,ok,https://www.vhis.gov.hk/doc/certifiedplan/fp/F00076/F00076-19-000-01-PlanDoc-e.pdf
F00076-20-000-01,22 September 2025,HSBC Life (International) Limited,Vital Care Voluntary Health Insurance Flexi Plan,"Platinum level (HKD100,000 Deductible)",Limited (see doc),tier2,Restricted (see doc),tier2,No restriction,,,,tier3,Capped (see doc),tier2,35000000,,,,30000,,tier2,tier3,has_deductible,ok,https://www.vhis.gov.hk/doc/certifiedplan/fp/F00076/F00076-20-000-01-PlanDoc-e.pdf
F00047-01-000-02,1 July 2021,Liberty International Insurance Limited,Liberty Insurance VHIS Series - Flexi Plan (Classic),Flexi Plan (Classic),Worldwide,tier1,No restriction,tier1,No restriction,Y,,30,tier1,None,tier1,,1000,18000,60000,30000,,tier2,tier1,,ok,https://www.vhis.gov.hk/doc/certifiedplan/fp/F00047/F00047-01-000-02-PlanDoc-e.pdf
F00047-01-001-02,1 July 2021,Liberty International Insurance Limited,Liberty Insurance VHIS Series - Flexi Plan (Classic),Flexi Plan (Classic with SMM),Worldwide,tier1,No restriction,tier1,No restriction,Y,,30,tier1,None,tier1,,1000,18000,60000,30000,,tier2,tier1,,ok,https://www.vhis.gov.hk/doc/certifiedplan/fp/F00047/F00047-01-001-02-PlanDoc-e.pdf
F00048-01-000-02,1 July 2021,Liberty International Insurance Limited,Liberty Insurance VHIS Series - Flexi Plan (Plus),Flexi Plan (Plus),Worldwide,tier1,No restriction,tier1,No restriction,Y,,30,tier1,None,tier1,,1350,23000,70000,35000,,tier2,tier1,,ok,https://www.vhis.gov.hk/doc/certifiedplan/fp/F00048/F00048-01-000-02-PlanDoc-e.pdf
F00048-01-001-02,1 July 2021,Liberty International Insurance Limited,Liberty Insurance VHIS Series - Flexi Plan (Plus),Flexi Plan (Plus with SMM),Worldwide,tier1,No restriction,tier1,No restriction,Y,,30,tier1,None,tier1,,1350,23000,70000,35000,,tier2,tier1,,ok,https://www.vhis.gov.hk/doc/certifiedplan/fp/F00048/F00048-01-001-02-PlanDoc-e.pdf
F00046-01-000-02,1 July 2021,Liberty International Insurance Limited,Liberty Insurance VHIS Series - Flexi Plan (Premium),Flexi Plan (Premium),Limited (see doc),tier2,Restricted (see doc),tier2,Network restricted,N,0,,tier1,None,tier1,2000000,,,,40000,,tier2,tier2,,ok,https://www.vhis.gov.hk/doc/certifiedplan/fp/F00046/F00046-01-000-02-PlanDoc-e.pdf
F00019-01-000-07,29 June 2026,Manulife (International) Limited,Manulife First VHIS Flexi Plan,Ward,Worldwide,tier1,No restriction,tier1,No restriction,Y,,30,tier1,None,tier1,,,15000,52500,30000,,tier2,tier1,,ok,https://www.vhis.gov.hk/doc/certifiedplan/fp/F00019/F00019-01-000-07-PlanDoc-e.pdf
F00019-01-001-07,29 June 2026,Manulife (International) Limited,Manulife First VHIS Flexi Plan,Ward with SMM,Worldwide,tier1,No restriction,tier1,No restriction,Y,,30,tier1,None,tier1,,,15000,52500,30000,,tier2,tier1,,ok,https://www.vhis.gov.hk/doc/certifiedplan/fp/F00019/F00019-01-001-07-PlanDoc-e.pdf
F00019-01-002-07,29 June 2026,Manulife (International) Limited,Manulife First VHIS Flexi Plan,Ward with SMM Plus,Worldwide,tier1,No restriction,tier1,No restriction,Y,,30,tier1,None,tier1,,,15000,52500,30000,,tier2,tier1,,ok,https://www.vhis.gov.hk/doc/certifiedplan/fp/F00019/F00019-01-002-07-PlanDoc-e.pdf
F00019-02-000-07,29 June 2026,Manulife (International) Limited,Manulife First VHIS Flexi Plan,Semi-private Room,Worldwide,tier1,No restriction,tier1,No restriction,Y,,30,tier1,None,tier1,,,21000,73500,35000,,tier2,tier1,,ok,https://www.vhis.gov.hk/doc/certifiedplan/fp/F00019/F00019-02-000-07-PlanDoc-e.pdf
F00019-02-001-07,29 June 2026,Manulife (International) Limited,Manulife First VHIS Flexi Plan,Semi-private Room with SMM,Worldwide,tier1,No restriction,tier1,No restriction,Y,,30,tier1,None,tier1,,,21000,73500,35000,,tier2,tier1,,ok,https://www.vhis.gov.hk/doc/certifiedplan/fp/F00019/F00019-02-001-07-PlanDoc-e.pdf
F00019-02-002-07,29 June 2026,Manulife (International) Limited,Manulife First VHIS Flexi Plan,Semi-private Room with SMM Plus,Worldwide,tier1,No restriction,tier1,No restriction,Y,,30,tier1,None,tier1,,,21000,73500,35000,,tier2,tier1,,ok,https://www.vhis.gov.hk/doc/certifiedplan/fp/F00019/F00019-02-002-07-PlanDoc-e.pdf
F00019-03-000-07,29 June 2026,Manulife (International) Limited,Manulife First VHIS Flexi Plan,Private Room,Worldwide,tier1,No restriction,tier1,No restriction,Y,,30,tier1,None,tier1,,,35000,105000,40000,,tier2,tier1,,ok,https://www.vhis.gov.hk/doc/certifiedplan/fp/F00019/F00019-03-000-07-PlanDoc-e.pdf
F00019-03-001-07,29 June 2026,Manulife (International) Limited,Manulife First VHIS Flexi Plan,Private Room with SMM,Worldwide,tier1,No restriction,tier1,No restriction,Y,,30,tier1,None,tier1,,,35000,105000,40000,,tier2,tier1,,ok,https://www.vhis.gov.hk/doc/certifiedplan/fp/F00019/F00019-03-001-07-PlanDoc-e.pdf
F00019-03-002-07,29 June 2026,Manulife (International) Limited,Manulife First VHIS Flexi Plan,Private Room with SMM Plus,Worldwide,tier1,No restriction,tier1,No restriction,Y,,30,tier1,None,tier1,,,35000,105000,40000,,tier2,tier1,,ok,https://www.vhis.gov.hk/doc/certifiedplan/fp/F00019/F00019-03-002-07-PlanDoc-e.pdf
F00071-01-000-03,29 December 2025,Manulife (International) Limited,Manulife Supreme Lite VHIS Supplementary Benefit ,Advance (HKD0 Deductible),Limited (see doc),tier2,Restricted (see doc),tier2,Network restricted,Y,,0,tier1,Capped (see doc),tier2,12000000,,,,,,tier2,tier2,,ok,https://www.vhis.gov.hk/doc/certifiedplan/fp/F00071/F00071-01-000-03-PlanDoc-e.pdf
F00071-02-000-03,29 December 2025,Manulife (International) Limited,Manulife Supreme Lite VHIS Supplementary Benefit ,"Advance (HKD25,000 Deductible)",Limited (see doc),tier2,Restricted (see doc),tier2,Network restricted,Y,,0,tier1,Capped (see doc),tier2,12000000,,,,,,tier2,tier2,,ok,https://www.vhis.gov.hk/doc/certifiedplan/fp/F00071/F00071-02-000-03-PlanDoc-e.pdf
F00071-03-000-03,29 December 2025,Manulife (International) Limited,Manulife Supreme Lite VHIS Supplementary Benefit ,"Advance (HKD50,000 Deductible)",Limited (see doc),tier2,Restricted (see doc),tier2,Network restricted,Y,,0,tier1,Capped (see doc),tier2,12000000,,,,,,tier2,tier2,,ok,https://www.vhis.gov.hk/doc/certifiedplan/fp/F00071/F00071-03-000-03-PlanDoc-e.pdf
F00071-04-000-03,29 December 2025,Manulife (International) Limited,Manulife Supreme Lite VHIS Supplementary Benefit ,"Advance (HKD100,000 Deductible)",Limited (see doc),tier2,Restricted (see doc),tier2,Network restricted,Y,,0,tier1,Capped (see doc),tier2,12000000,,,,,,tier2,tier2,,ok,https://www.vhis.gov.hk/doc/certifiedplan/fp/F00071/F00071-04-000-03-PlanDoc-e.pdf
F00071-05-000-03,29 December 2025,Manulife (International) Limited,Manulife Supreme Lite VHIS Supplementary Benefit ,Advance (USD0 Deductible),Limited (see doc),tier2,Restricted (see doc),tier2,Network restricted,Y,,,tier1,Capped (see doc),tier2,,,,,,,tier3,tier2,,ok,https://www.vhis.gov.hk/doc/certifiedplan/fp/F00071/F00071-05-000-03-PlanDoc-e.pdf
F00071-06-000-03,29 December 2025,Manulife (International) Limited,Manulife Supreme Lite VHIS Supplementary Benefit ,"Advance (USD3,125 Deductible)",Limited (see doc),tier2,Restricted (see doc),tier2,Network restricted,Y,,,tier1,Capped (see doc),tier2,,,,,,,tier3,tier2,,ok,https://www.vhis.gov.hk/doc/certifiedplan/fp/F00071/F00071-06-000-03-PlanDoc-e.pdf
F00071-07-000-03,29 December 2025,Manulife (International) Limited,Manulife Supreme Lite VHIS Supplementary Benefit ,"Advance (USD6,250 Deductible)",Limited (see doc),tier2,Restricted (see doc),tier2,Network restricted,Y,,,tier1,Capped (see doc),tier2,,,,,,,tier3,tier2,,ok,https://www.vhis.gov.hk/doc/certifiedplan/fp/F00071/F00071-07-000-03-PlanDoc-e.pdf
F00071-08-000-03,29 December 2025,Manulife (International) Limited,Manulife Supreme Lite VHIS Supplementary Benefit ,"Advance (USD12,500 Deductible)",Limited (see doc),tier2,Restricted (see doc),tier2,Network restricted,Y,,,tier1,Capped (see doc),tier2,,,,,,,tier3,tier2,,ok,https://www.vhis.gov.hk/doc/certifiedplan/fp/F00071/F00071-08-000-03-PlanDoc-e.pdf
F00071-09-000-03,29 December 2025,Manulife (International) Limited,Manulife Supreme Lite VHIS Supplementary Benefit ,Smart (HKD0 Deductible),Limited (see doc),tier2,Restricted (see doc),tier2,Network restricted,Y,,0,tier1,Capped (see doc),tier2,5000000,,,,,,tier2,tier2,,ok,https://www.vhis.gov.hk/doc/certifiedplan/fp/F00071/F00071-09-000-03-PlanDoc-e.pdf
F00071-10-000-03,29 December 2025,Manulife (International) Limited,Manulife Supreme Lite VHIS Supplementary Benefit ,"Smart (HKD25,000 Deductible)",Limited (see doc),tier2,Restricted (see doc),tier2,Network restricted,Y,,0,tier1,Capped (see doc),tier2,5000000,,,,,,tier2,tier2,,ok,https://www.vhis.gov.hk/doc/certifiedplan/fp/F00071/F00071-10-000-03-PlanDoc-e.pdf
F00071-11-000-03,29 December 2025,Manulife (International) Limited,Manulife Supreme Lite VHIS Supplementary Benefit ,"Smart (HKD50,000 Deductible)",Limited (see doc),tier2,Restricted (see doc),tier2,Network restricted,Y,,0,tier1,Capped (see doc),tier2,5000000,,,,,,tier2,tier2,,ok,https://www.vhis.gov.hk/doc/certifiedplan/fp/F00071/F00071-11-000-03-PlanDoc-e.pdf
F00071-12-000-03,29 December 2025,Manulife (International) Limited,Manulife Supreme Lite VHIS Supplementary Benefit ,"Smart (HKD100,000 Deductible)",Limited (see doc),tier2,Restricted (see doc),tier2,Network restricted,Y,,0,tier1,Capped (see doc),tier2,5000000,,,,,,tier2,tier2,,ok,https://www.vhis.gov.hk/doc/certifiedplan/fp/F00071/F00071-12-000-03-PlanDoc-e.pdf
F00071-13-000-03,29 December 2025,Manulife (International) Limited,Manulife Supreme Lite VHIS Supplementary Benefit ,Smart (USD0 Deductible),Limited (see doc),tier2,Restricted (see doc),tier2,Network restricted,Y,,0,tier1,Capped (see doc),tier2,625000,,,,,,tier2,tier2,,ok,https://www.vhis.gov.hk/doc/certifiedplan/fp/F00071/F00071-13-000-03-PlanDoc-e.pdf
F00071-14-000-03,29 December 2025,Manulife (International) Limited,Manulife Supreme Lite VHIS Supplementary Benefit ,"Smart (USD3,125 Deductible)",Limited (see doc),tier2,Restricted (see doc),tier2,Network restricted,Y,,0,tier1,Capped (see doc),tier2,625000,,,,,,tier2,tier2,,ok,https://www.vhis.gov.hk/doc/certifiedplan/fp/F00071/F00071-14-000-03-PlanDoc-e.pdf
F00071-15-000-03,29 December 2025,Manulife (International) Limited,Manulife Supreme Lite VHIS Supplementary Benefit ,"Smart (USD6,250 Deductible)",Limited (see doc),tier2,Restricted (see doc),tier2,Network restricted,Y,,0,tier1,Capped (see doc),tier2,625000,,,,,,tier2,tier2,,ok,https://www.vhis.gov.hk/doc/certifiedplan/fp/F00071/F00071-15-000-03-PlanDoc-e.pdf
F00071-16-000-03,29 December 2025,Manulife (International) Limited,Manulife Supreme Lite VHIS Supplementary Benefit ,"Smart (USD12,500 Deductible)",Limited (see doc),tier2,Restricted (see doc),tier2,Network restricted,Y,,0,tier1,Capped (see doc),tier2,625000,,,,,,tier2,tier2,,ok,https://www.vhis.gov.hk/doc/certifiedplan/fp/F00071/F00071-16-000-03-PlanDoc-e.pdf
F00071-17-000-01,29 December 2025,Manulife (International) Limited,Manulife Supreme Lite VHIS Supplementary Benefit ,Deluxe (HKD0 Deductible),Limited (see doc),tier2,Restricted (see doc),tier2,Network restricted,Y,,0,tier1,Capped (see doc),tier2,30000000,,,,,,tier2,tier2,,ok,https://www.vhis.gov.hk/doc/certifiedplan/fp/F00071/F00071-17-000-01-PlanDoc-e.pdf
F00071-18-000-01,29 December 2025,Manulife (International) Limited,Manulife Supreme Lite VHIS Supplementary Benefit ,"Deluxe (HKD25,000 Deductible)",Limited (see doc),tier2,Restricted (see doc),tier2,Network restricted,Y,,0,tier1,Capped (see doc),tier2,30000000,,,,,,tier2,tier2,,ok,https://www.vhis.gov.hk/doc/certifiedplan/fp/F00071/F00071-18-000-01-PlanDoc-e.pdf
F00071-19-000-01,29 December 2025,Manulife (International) Limited,Manulife Supreme Lite VHIS Supplementary Benefit ,"Deluxe (HKD50,000 Deductible)",Limited (see doc),tier2,Restricted (see doc),tier2,Network restricted,Y,,0,tier1,Capped (see doc),tier2,30000000,,,,,,tier2,tier2,,ok,https://www.vhis.gov.hk/doc/certifiedplan/fp/F00071/F00071-19-000-01-PlanDoc-e.pdf
F00071-20-000-01,29 December 2025,Manulife (International) Limited,Manulife Supreme Lite VHIS Supplementary Benefit ,"Deluxe (HKD100,000 Deductible)",Limited (see doc),tier2,Restricted (see doc),tier2,Network restricted,Y,,0,tier1,Capped (see doc),tier2,30000000,,,,,,tier2,tier2,,ok,https://www.vhis.gov.hk/doc/certifiedplan/fp/F00071/F00071-20-000-01-PlanDoc-e.pdf
F00071-21-000-01,29 December 2025,Manulife (International) Limited,Manulife Supreme Lite VHIS Supplementary Benefit ,Deluxe (USD0 Deductible),Limited (see doc),tier2,Restricted (see doc),tier2,Network restricted,Y,,0,tier1,Capped (see doc),tier2,3750000,,,,,,tier2,tier2,,ok,https://www.vhis.gov.hk/doc/certifiedplan/fp/F00071/F00071-21-000-01-PlanDoc-e.pdf
F00071-22-000-01,29 December 2025,Manulife (International) Limited,Manulife Supreme Lite VHIS Supplementary Benefit ,"Deluxe (USD3,125 Deductible)",Limited (see doc),tier2,Restricted (see doc),tier2,Network restricted,Y,,0,tier1,Capped (see doc),tier2,3750000,,,,,,tier2,tier2,,ok,https://www.vhis.gov.hk/doc/certifiedplan/fp/F00071/F00071-22-000-01-PlanDoc-e.pdf
F00071-23-000-01,29 December 2025,Manulife (International) Limited,Manulife Supreme Lite VHIS Supplementary Benefit ,"Deluxe (USD6,250 Deductible)",Limited (see doc),tier2,Restricted (see doc),tier2,Network restricted,Y,,0,tier1,Capped (see doc),tier2,3750000,,,,,,tier2,tier2,,ok,https://www.vhis.gov.hk/doc/certifiedplan/fp/F00071/F00071-23-000-01-PlanDoc-e.pdf
F00071-24-000-01,29 December 2025,Manulife (International) Limited,Manulife Supreme Lite VHIS Supplementary Benefit ,"Deluxe (USD12,500 Deductible)",Limited (see doc),tier2,Restricted (see doc),tier2,Network restricted,Y,,0,tier1,Capped (see doc),tier2,3750000,,,,,,tier2,tier2,,ok,https://www.vhis.gov.hk/doc/certifiedplan/fp/F00071/F00071-24-000-01-PlanDoc-e.pdf
F00041-01-000-06,29 December 2025,Manulife (International) Limited,Manulife Supreme VHIS Flexi Plan,Advance (HKD0 Deductible),Limited (see doc),tier2,Restricted (see doc),tier2,Network restricted,Y,,,tier1,Capped (see doc),tier2,,,,,,,tier3,tier2,,ok,https://www.vhis.gov.hk/doc/certifiedplan/fp/F00041/F00041-01-000-06-PlanDoc-e.pdf
F00041-02-000-06,29 December 2025,Manulife (International) Limited,Manulife Supreme VHIS Flexi Plan,"Advance (HKD8,000 Deductible)",Limited (see doc),tier2,Restricted (see doc),tier2,Network restricted,Y,,,tier1,Capped (see doc),tier2,,,,,,,tier3,tier2,,ok,https://www.vhis.gov.hk/doc/certifiedplan/fp/F00041/F00041-02-000-06-PlanDoc-e.pdf
F00041-03-000-06,29 December 2025,Manulife (International) Limited,Manulife Supreme VHIS Flexi Plan,"Advance (HKD22,800 Deductible)",Limited (see doc),tier2,Restricted (see doc),tier2,Network restricted,Y,,,tier1,Capped (see doc),tier2,,,,,,,tier3,tier2,,ok,https://www.vhis.gov.hk/doc/certifiedplan/fp/F00041/F00041-03-000-06-PlanDoc-e.pdf
F00041-04-000-04,29 December 2025,Manulife (International) Limited,Manulife Supreme VHIS Flexi Plan,"Advance (HKD45,000 Deductible)",Limited (see doc),tier2,Restricted (see doc),tier2,Network restricted,Y,,,tier1,Capped (see doc),tier2,,,,,,,tier3,tier2,,ok,https://www.vhis.gov.hk/doc/certifiedplan/fp/F00041/F00041-04-000-04-PlanDoc-e.pdf
F00041-05-000-03,29 December 2025,Manulife (International) Limited,Manulife Supreme VHIS Flexi Plan,"Advance (HKD100,000 Deductible)",Limited (see doc),tier2,Restricted (see doc),tier2,Network restricted,Y,,,tier1,Capped (see doc),tier2,,,,,,,tier3,tier2,,ok,https://www.vhis.gov.hk/doc/certifiedplan/fp/F00041/F00041-05-000-03-PlanDoc-e.pdf
F00041-06-000-03,29 December 2025,Manulife (International) Limited,Manulife Supreme VHIS Flexi Plan,Smart (HKD0 Deductible),Limited (see doc),tier2,Restricted (see doc),tier2,Network restricted,Y,,0,tier1,Capped (see doc),tier2,5000000,,,,,,tier2,tier2,,ok,https://www.vhis.gov.hk/doc/certifiedplan/fp/F00041/F00041-06-000-03-PlanDoc-e.pdf
F00041-07-000-03,29 December 2025,Manulife (International) Limited,Manulife Supreme VHIS Flexi Plan,"Smart (HKD22,800 Deductible)",Limited (see doc),tier2,Restricted (see doc),tier2,Network restricted,Y,,0,tier1,Capped (see doc),tier2,5000000,,,,,,tier2,tier2,,ok,https://www.vhis.gov.hk/doc/certifiedplan/fp/F00041/F00041-07-000-03-PlanDoc-e.pdf
F00041-08-000-03,29 December 2025,Manulife (International) Limited,Manulife Supreme VHIS Flexi Plan,"Smart (HKD45,000 Deductible)",Limited (see doc),tier2,Restricted (see doc),tier2,Network restricted,Y,,0,tier1,Capped (see doc),tier2,5000000,,,,,,tier2,tier2,,ok,https://www.vhis.gov.hk/doc/certifiedplan/fp/F00041/F00041-08-000-03-PlanDoc-e.pdf
F00041-09-000-03,29 December 2025,Manulife (International) Limited,Manulife Supreme VHIS Flexi Plan,"Smart (HKD100,000 Deductible)",Limited (see doc),tier2,Restricted (see doc),tier2,Network restricted,Y,,0,tier1,Capped (see doc),tier2,5000000,,,,,,tier2,tier2,,ok,https://www.vhis.gov.hk/doc/certifiedplan/fp/F00041/F00041-09-000-03-PlanDoc-e.pdf
F00041-10-000-01,29 December 2025,Manulife (International) Limited,Manulife Supreme VHIS Flexi Plan,Deluxe (HKD0 Deductible),Limited (see doc),tier2,Restricted (see doc),tier2,Network restricted,Y,,0,tier1,Capped (see doc),tier2,30000000,,,,,,tier2,tier2,,ok,https://www.vhis.gov.hk/doc/certifiedplan/fp/F00041/F00041-10-000-01-PlanDoc-e.pdf
F00041-11-000-01,29 December 2025,Manulife (International) Limited,Manulife Supreme VHIS Flexi Plan,"Deluxe (HKD8,000 Deductible)",Limited (see doc),tier2,Restricted (see doc),tier2,Network restricted,Y,,0,tier1,Capped (see doc),tier2,30000000,,,,,,tier2,tier2,,ok,https://www.vhis.gov.hk/doc/certifiedplan/fp/F00041/F00041-11-000-01-PlanDoc-e.pdf
F00041-12-000-01,29 December 2025,Manulife (International) Limited,Manulife Supreme VHIS Flexi Plan,"Deluxe (HKD22,800 Deductible)",Limited (see doc),tier2,Restricted (see doc),tier2,Network restricted,Y,,0,tier1,Capped (see doc),tier2,30000000,,,,,,tier2,tier2,,ok,https://www.vhis.gov.hk/doc/certifiedplan/fp/F00041/F00041-12-000-01-PlanDoc-e.pdf
F00041-13-000-01,29 December 2025,Manulife (International) Limited,Manulife Supreme VHIS Flexi Plan,"Deluxe (HKD45,000 Deductible)",Limited (see doc),tier2,Restricted (see doc),tier2,Network restricted,Y,,0,tier1,Capped (see doc),tier2,30000000,,,,,,tier2,tier2,,ok,https://www.vhis.gov.hk/doc/certifiedplan/fp/F00041/F00041-13-000-01-PlanDoc-e.pdf
F00041-14-000-01,29 December 2025,Manulife (International) Limited,Manulife Supreme VHIS Flexi Plan,"Deluxe (HKD100,000 Deductible)",Limited (see doc),tier2,Restricted (see doc),tier2,Network restricted,Y,,0,tier1,Capped (see doc),tier2,30000000,,,,,,tier2,tier2,,ok,https://www.vhis.gov.hk/doc/certifiedplan/fp/F00041/F00041-14-000-01-PlanDoc-e.pdf
F00023-01-000-02,1 April 2021,MSIG Insurance (Hong Kong) Limited,VHIS Prestige Care,Plan A,Worldwide,tier1,No restriction,tier1,No restriction,Y,,20,tier1,None,tier1,500000,,,,30000,,tier2,tier1,,ok,https://www.vhis.gov.hk/doc/certifiedplan/fp/F00023/F00023-01-000-02-PlanDoc-e.pdf
F00023-01-001-02,1 April 2021,MSIG Insurance (Hong Kong) Limited,VHIS Prestige Care,Plan A with SMM,Worldwide,tier1,No restriction,tier1,No restriction,Y,,20,tier1,None,tier1,500000,,,,30000,,tier2,tier1,,ok,https://www.vhis.gov.hk/doc/certifiedplan/fp/F00023/F00023-01-001-02-PlanDoc-e.pdf
F00023-02-000-02,1 April 2021,MSIG Insurance (Hong Kong) Limited,VHIS Prestige Care,Plan B,Worldwide,tier1,No restriction,tier1,No restriction,Y,,20,tier1,None,tier1,750000,,,,40000,,tier2,tier1,,ok,https://www.vhis.gov.hk/doc/certifiedplan/fp/F00023/F00023-02-000-02-PlanDoc-e.pdf
F00023-02-001-02,1 April 2021,MSIG Insurance (Hong Kong) Limited,VHIS Prestige Care,Plan B with SMM,Worldwide,tier1,No restriction,tier1,No restriction,Y,,20,tier1,None,tier1,750000,,,,40000,,tier2,tier1,,ok,https://www.vhis.gov.hk/doc/certifiedplan/fp/F00023/F00023-02-001-02-PlanDoc-e.pdf
F00023-03-000-02,1 April 2021,MSIG Insurance (Hong Kong) Limited,VHIS Prestige Care,Plan C,Worldwide,tier1,No restriction,tier1,No restriction,Y,,20,tier1,None,tier1,6000000,,,,50000,,tier2,tier1,,ok,https://www.vhis.gov.hk/doc/certifiedplan/fp/F00023/F00023-03-000-02-PlanDoc-e.pdf
F00023-03-001-02,1 April 2021,MSIG Insurance (Hong Kong) Limited,VHIS Prestige Care,Plan C with SMM,Worldwide,tier1,No restriction,tier1,No restriction,Y,,20,tier1,None,tier1,6000000,,,,50000,,tier2,tier1,,ok,https://www.vhis.gov.hk/doc/certifiedplan/fp/F00023/F00023-03-001-02-PlanDoc-e.pdf
F00013-01-000-06,1 October 2025,Prudential Hong Kong Limited,PRUHealth FlexiChoice Medical Plan,Ward (HKD),Worldwide,tier1,No restriction,tier1,No restriction,Y,,30,tier1,None,tier1,,1200,18000,,30000,,tier2,tier1,,ok,https://www.vhis.gov.hk/doc/certifiedplan/fp/F00013/F00013-01-000-06-PlanDoc-e.pdf
F00013-01-001-06,1 October 2025,Prudential Hong Kong Limited,PRUHealth FlexiChoice Medical Plan,Ward with SMM 1 (HKD),Worldwide,tier1,No restriction,tier1,No restriction,Y,,,tier1,None,tier1,,,,,,,tier3,tier1,,ok,https://www.vhis.gov.hk/doc/certifiedplan/fp/F00013/F00013-01-001-06-PlanDoc-e.pdf
F00013-01-002-06,1 October 2025,Prudential Hong Kong Limited,PRUHealth FlexiChoice Medical Plan,Ward with SMM 2 (HKD),Worldwide,tier1,No restriction,tier1,No restriction,Y,,,tier1,None,tier1,,,,,,,tier3,tier1,,ok,https://www.vhis.gov.hk/doc/certifiedplan/fp/F00013/F00013-01-002-06-PlanDoc-e.pdf
F00013-02-000-06,1 October 2025,Prudential Hong Kong Limited,PRUHealth FlexiChoice Medical Plan,Semi-private Room (HKD),Worldwide,tier1,No restriction,tier1,No restriction,Y,,30,tier1,None,tier1,,2500,26000,,35000,,tier2,tier1,,ok,https://www.vhis.gov.hk/doc/certifiedplan/fp/F00013/F00013-02-000-06-PlanDoc-e.pdf
F00013-02-001-06,1 October 2025,Prudential Hong Kong Limited,PRUHealth FlexiChoice Medical Plan,Semi-private Room with SMM 1 (HKD),Worldwide,tier1,No restriction,tier1,No restriction,Y,,,tier1,None,tier1,,,,,,,tier3,tier1,,ok,https://www.vhis.gov.hk/doc/certifiedplan/fp/F00013/F00013-02-001-06-PlanDoc-e.pdf
F00013-02-002-06,1 October 2025,Prudential Hong Kong Limited,PRUHealth FlexiChoice Medical Plan,Semi-private Room with SMM 2 (HKD),Worldwide,tier1,No restriction,tier1,No restriction,Y,,,tier1,None,tier1,,,,,,,tier3,tier1,,ok,https://www.vhis.gov.hk/doc/certifiedplan/fp/F00013/F00013-02-002-06-PlanDoc-e.pdf
F00013-03-000-06,1 October 2025,Prudential Hong Kong Limited,PRUHealth FlexiChoice Medical Plan,Private Room (HKD),Worldwide,tier1,No restriction,tier1,No restriction,Y,,30,tier1,None,tier1,,4500,36000,,40000,,tier2,tier1,,ok,https://www.vhis.gov.hk/doc/certifiedplan/fp/F00013/F00013-03-000-06-PlanDoc-e.pdf
F00013-03-001-06,1 October 2025,Prudential Hong Kong Limited,PRUHealth FlexiChoice Medical Plan,Private Room with SMM (HKD),Worldwide,tier1,No restriction,tier1,No restriction,Y,,,tier1,None,tier1,,,,,,,tier3,tier1,,ok,https://www.vhis.gov.hk/doc/certifiedplan/fp/F00013/F00013-03-001-06-PlanDoc-e.pdf
F00013-04-000-06,1 October 2025,Prudential Hong Kong Limited,PRUHealth FlexiChoice Medical Plan,Ward (USD),Worldwide,tier1,No restriction,tier1,No restriction,Y,,30,tier1,None,tier1,,155,2323,,3871,,tier2,tier1,,ok,https://www.vhis.gov.hk/doc/certifiedplan/fp/F00013/F00013-04-000-06-PlanDoc-e.pdf
F00013-04-001-06,1 October 2025,Prudential Hong Kong Limited,PRUHealth FlexiChoice Medical Plan,Ward with SMM 1 (USD),Worldwide,tier1,No restriction,tier1,No restriction,Y,,,tier1,None,tier1,,,,,,,tier3,tier1,,ok,https://www.vhis.gov.hk/doc/certifiedplan/fp/F00013/F00013-04-001-06-PlanDoc-e.pdf
F00013-04-002-06,1 October 2025,Prudential Hong Kong Limited,PRUHealth FlexiChoice Medical Plan,Ward with SMM 2 (USD),Worldwide,tier1,No restriction,tier1,No restriction,Y,,,tier1,None,tier1,,,,,,,tier3,tier1,,ok,https://www.vhis.gov.hk/doc/certifiedplan/fp/F00013/F00013-04-002-06-PlanDoc-e.pdf
F00013-05-000-06,1 October 2025,Prudential Hong Kong Limited,PRUHealth FlexiChoice Medical Plan,Semi-private Room (USD),Worldwide,tier1,No restriction,tier1,No restriction,Y,,30,tier1,None,tier1,,323,3355,,4517,,tier2,tier1,,ok,https://www.vhis.gov.hk/doc/certifiedplan/fp/F00013/F00013-05-000-06-PlanDoc-e.pdf
F00013-05-001-06,1 October 2025,Prudential Hong Kong Limited,PRUHealth FlexiChoice Medical Plan,Semi-private Room with SMM 1 (USD),Worldwide,tier1,No restriction,tier1,No restriction,Y,,,tier1,None,tier1,,,,,,,tier3,tier1,,ok,https://www.vhis.gov.hk/doc/certifiedplan/fp/F00013/F00013-05-001-06-PlanDoc-e.pdf
F00013-05-002-06,1 October 2025,Prudential Hong Kong Limited,PRUHealth FlexiChoice Medical Plan,Semi-private Room with SMM 2 (USD),Worldwide,tier1,No restriction,tier1,No restriction,Y,,,tier1,None,tier1,,,,,,,tier3,tier1,,ok,https://www.vhis.gov.hk/doc/certifiedplan/fp/F00013/F00013-05-002-06-PlanDoc-e.pdf
F00013-06-000-06,1 October 2025,Prudential Hong Kong Limited,PRUHealth FlexiChoice Medical Plan,Private Room (USD),Worldwide,tier1,No restriction,tier1,No restriction,Y,,30,tier1,None,tier1,,581,4646,,5162,,tier2,tier1,,ok,https://www.vhis.gov.hk/doc/certifiedplan/fp/F00013/F00013-06-000-06-PlanDoc-e.pdf
F00013-06-001-06,1 October 2025,Prudential Hong Kong Limited,PRUHealth FlexiChoice Medical Plan,Private Room with SMM (USD),Worldwide,tier1,No restriction,tier1,No restriction,Y,,,tier1,None,tier1,,,,,,,tier3,tier1,,ok,https://www.vhis.gov.hk/doc/certifiedplan/fp/F00013/F00013-06-001-06-PlanDoc-e.pdf
F00068-01-000-01,1 October 2025,Prudential Hong Kong Limited,PRUHealth VHIS EasyChoice Plan,Ward with SMM (HKD),Worldwide,tier1,No restriction,tier1,No restriction,Y,,,tier1,None,tier1,,,,,,,tier3,tier1,,ok,https://www.vhis.gov.hk/doc/certifiedplan/fp/F00068/F00068-01-000-01-PlanDoc-e.pdf
F00068-02-000-01,1 October 2025,Prudential Hong Kong Limited,PRUHealth VHIS EasyChoice Plan,Semi-private Room with SMM (HKD),Worldwide,tier1,No restriction,tier1,No restriction,Y,,,tier1,None,tier1,,,,,,,tier3,tier1,,ok,https://www.vhis.gov.hk/doc/certifiedplan/fp/F00068/F00068-02-000-01-PlanDoc-e.pdf
F00068-03-000-01,1 October 2025,Prudential Hong Kong Limited,PRUHealth VHIS EasyChoice Plan,Private Room with SMM (HKD),Worldwide,tier1,No restriction,tier1,No restriction,Y,,,tier1,None,tier1,,,,,,,tier3,tier1,,ok,https://www.vhis.gov.hk/doc/certifiedplan/fp/F00068/F00068-03-000-01-PlanDoc-e.pdf
F00068-04-000-01,1 October 2025,Prudential Hong Kong Limited,PRUHealth VHIS EasyChoice Plan,Ward with SMM (USD),Worldwide,tier1,No restriction,tier1,No restriction,Y,,,tier1,None,tier1,,,,,,,tier3,tier1,,ok,https://www.vhis.gov.hk/doc/certifiedplan/fp/F00068/F00068-04-000-01-PlanDoc-e.pdf
F00068-05-000-01,1 October 2025,Prudential Hong Kong Limited,PRUHealth VHIS EasyChoice Plan,Semi-private Room with SMM (USD),Worldwide,tier1,No restriction,tier1,No restriction,Y,,,tier1,None,tier1,,,,,,,tier3,tier1,,ok,https://www.vhis.gov.hk/doc/certifiedplan/fp/F00068/F00068-05-000-01-PlanDoc-e.pdf
F00068-06-000-01,1 October 2025,Prudential Hong Kong Limited,PRUHealth VHIS EasyChoice Plan,Private Room with SMM (USD),Worldwide,tier1,No restriction,tier1,No restriction,Y,,,tier1,None,tier1,,,,,,,tier3,tier1,,ok,https://www.vhis.gov.hk/doc/certifiedplan/fp/F00068/F00068-06-000-01-PlanDoc-e.pdf
F00050-01-000-04,1 October 2025,Prudential Hong Kong Limited,PRUHealth VHIS VIP Plan,HKD0 Deductible (Asia),Limited (see doc),tier2,Restricted (see doc),tier2,No restriction,Y,,0,tier1,Capped (see doc),tier2,12000000,,,,,,tier2,tier2,,ok,https://www.vhis.gov.hk/doc/certifiedplan/fp/F00050/F00050-01-000-04-PlanDoc-e.pdf
F00050-02-000-04,1 October 2025,Prudential Hong Kong Limited,PRUHealth VHIS VIP Plan,"HKD20,000 Deductible (Asia)",Limited (see doc),tier2,Restricted (see doc),tier2,No restriction,Y,,0,tier1,Capped (see doc),tier2,12000000,,,,,,tier2,tier2,,ok,https://www.vhis.gov.hk/doc/certifiedplan/fp/F00050/F00050-02-000-04-PlanDoc-e.pdf
F00050-03-000-04,1 October 2025,Prudential Hong Kong Limited,PRUHealth VHIS VIP Plan,"HKD50,000 Deductible (Asia)",Limited (see doc),tier2,Restricted (see doc),tier2,No restriction,Y,,0,tier1,Capped (see doc),tier2,12000000,,,,,,tier2,tier2,,ok,https://www.vhis.gov.hk/doc/certifiedplan/fp/F00050/F00050-03-000-04-PlanDoc-e.pdf
F00050-04-000-04,1 October 2025,Prudential Hong Kong Limited,PRUHealth VHIS VIP Plan,USD0 Deductible (Asia),Limited (see doc),tier2,Restricted (see doc),tier2,No restriction,Y,,0,tier1,Capped (see doc),tier2,1500000,,,,,,tier2,tier2,,ok,https://www.vhis.gov.hk/doc/certifiedplan/fp/F00050/F00050-04-000-04-PlanDoc-e.pdf
F00050-05-000-04,1 October 2025,Prudential Hong Kong Limited,PRUHealth VHIS VIP Plan,"USD2,500 Deductible (Asia)",Limited (see doc),tier2,Restricted (see doc),tier2,No restriction,Y,,0,tier1,Capped (see doc),tier2,1500000,,,,,,tier2,tier2,,ok,https://www.vhis.gov.hk/doc/certifiedplan/fp/F00050/F00050-05-000-04-PlanDoc-e.pdf
F00050-06-000-04,1 October 2025,Prudential Hong Kong Limited,PRUHealth VHIS VIP Plan,"USD6,250 Deductible (Asia)",Limited (see doc),tier2,Restricted (see doc),tier2,No restriction,Y,,0,tier1,Capped (see doc),tier2,1500000,,,,,,tier2,tier2,,ok,https://www.vhis.gov.hk/doc/certifiedplan/fp/F00050/F00050-06-000-04-PlanDoc-e.pdf
F00050-07-000-01,1 October 2025,Prudential Hong Kong Limited,PRUHealth VHIS VIP Plan,"HKD96,000 Deductible (Asia)",Limited (see doc),tier2,Restricted (see doc),tier2,No restriction,Y,,0,tier1,Capped (see doc),tier2,12000000,,,,,,tier2,tier2,,ok,https://www.vhis.gov.hk/doc/certifiedplan/fp/F00050/F00050-07-000-01-PlanDoc-e.pdf
F00050-08-000-01,1 October 2025,Prudential Hong Kong Limited,PRUHealth VHIS VIP Plan,"USD12,000 Deductible (Asia)",Limited (see doc),tier2,Restricted (see doc),tier2,No restriction,Y,,0,tier1,Capped (see doc),tier2,1500000,,,,,,tier2,tier2,,ok,https://www.vhis.gov.hk/doc/certifiedplan/fp/F00050/F00050-08-000-01-PlanDoc-e.pdf
F00050-09-000-01,1 October 2025,Prudential Hong Kong Limited,PRUHealth VHIS VIP Plan,HKD0 Deductible (Worldwide except USA),Limited (see doc),tier2,Restricted (see doc),tier2,No restriction,Y,,0,tier1,Capped (see doc),tier2,12000000,,,,,,tier2,tier2,,ok,https://www.vhis.gov.hk/doc/certifiedplan/fp/F00050/F00050-09-000-01-PlanDoc-e.pdf
F00050-10-000-01,1 October 2025,Prudential Hong Kong Limited,PRUHealth VHIS VIP Plan,"HKD20,000 Deductible (Worldwide except USA)",Limited (see doc),tier2,Restricted (see doc),tier2,No restriction,Y,,0,tier1,Capped (see doc),tier2,12000000,,,,,,tier2,tier2,,ok,https://www.vhis.gov.hk/doc/certifiedplan/fp/F00050/F00050-10-000-01-PlanDoc-e.pdf
F00050-11-000-01,1 October 2025,Prudential Hong Kong Limited,PRUHealth VHIS VIP Plan,"HKD50,000 Deductible (Worldwide except USA)",Limited (see doc),tier2,Restricted (see doc),tier2,No restriction,Y,,0,tier1,Capped (see doc),tier2,12000000,,,,,,tier2,tier2,,ok,https://www.vhis.gov.hk/doc/certifiedplan/fp/F00050/F00050-11-000-01-PlanDoc-e.pdf
F00050-12-000-01,1 October 2025,Prudential Hong Kong Limited,PRUHealth VHIS VIP Plan,"HKD96,000 Deductible (Worldwide except USA)",Limited (see doc),tier2,Restricted (see doc),tier2,No restriction,Y,,0,tier1,Capped (see doc),tier2,12000000,,,,,,tier2,tier2,,ok,https://www.vhis.gov.hk/doc/certifiedplan/fp/F00050/F00050-12-000-01-PlanDoc-e.pdf
F00050-13-000-01,1 October 2025,Prudential Hong Kong Limited,PRUHealth VHIS VIP Plan,USD0 Deductible (Worldwide except USA),Limited (see doc),tier2,Restricted (see doc),tier2,No restriction,Y,,0,tier1,Capped (see doc),tier2,1500000,,,,,,tier2,tier2,,ok,https://www.vhis.gov.hk/doc/certifiedplan/fp/F00050/F00050-13-000-01-PlanDoc-e.pdf
F00050-14-000-01,1 October 2025,Prudential Hong Kong Limited,PRUHealth VHIS VIP Plan,"USD2,500 Deductible (Worldwide except USA)",Limited (see doc),tier2,Restricted (see doc),tier2,No restriction,Y,,0,tier1,Capped (see doc),tier2,1500000,,,,,,tier2,tier2,,ok,https://www.vhis.gov.hk/doc/certifiedplan/fp/F00050/F00050-14-000-01-PlanDoc-e.pdf
F00050-15-000-01,1 October 2025,Prudential Hong Kong Limited,PRUHealth VHIS VIP Plan,"USD6,250 Deductible (Worldwide except USA)",Limited (see doc),tier2,Restricted (see doc),tier2,No restriction,Y,,0,tier1,Capped (see doc),tier2,1500000,,,,,,tier2,tier2,,ok,https://www.vhis.gov.hk/doc/certifiedplan/fp/F00050/F00050-15-000-01-PlanDoc-e.pdf
F00050-16-000-01,1 October 2025,Prudential Hong Kong Limited,PRUHealth VHIS VIP Plan,"USD12,000 Deductible (Worldwide except USA)",Limited (see doc),tier2,Restricted (see doc),tier2,No restriction,Y,,0,tier1,Capped (see doc),tier2,1500000,,,,,,tier2,tier2,,ok,https://www.vhis.gov.hk/doc/certifiedplan/fp/F00050/F00050-16-000-01-PlanDoc-e.pdf
F00026-01-000-03,1 September 2025,Sun Life Hong Kong Limited,WeHealth Plus,Scheme 1,Worldwide,tier1,No restriction,tier1,No restriction,Y,,30,tier1,None,tier1,500000,,15000,50000,30000,,tier2,tier1,,ok,https://www.vhis.gov.hk/doc/certifiedplan/fp/F00026/F00026-01-000-03-PlanDoc-e.pdf
F00026-01-001-03,1 September 2025,Sun Life Hong Kong Limited,WeHealth Plus,Scheme 2,Worldwide,tier1,No restriction,tier1,No restriction,Y,,30,tier1,None,tier1,800000,,15000,50000,30000,,tier2,tier1,,ok,https://www.vhis.gov.hk/doc/certifiedplan/fp/F00026/F00026-01-001-03-PlanDoc-e.pdf
F00066-01-000-01,1 April 2026,Sun Life Hong Kong Limited,WeHealth Preferred,HKD0 Deductible,Limited (see doc),tier2,Restricted (see doc),tier2,Network restricted,Y,,,tier1,Capped (see doc),tier2,5000000,,,,40000,,tier2,tier2,,ok,https://www.vhis.gov.hk/doc/certifiedplan/fp/F00066/F00066-01-000-01-PlanDoc-e.pdf
F00066-02-000-01,1 April 2026,Sun Life Hong Kong Limited,WeHealth Preferred,"HKD20,000 Deductible",Limited (see doc),tier2,Restricted (see doc),tier2,Network restricted,Y,,,tier1,Capped (see doc),tier2,5000000,,,,40000,,tier2,tier2,,ok,https://www.vhis.gov.hk/doc/certifiedplan/fp/F00066/F00066-02-000-01-PlanDoc-e.pdf
F00066-03-000-01,1 April 2026,Sun Life Hong Kong Limited,WeHealth Preferred,"HKD50,000 Deductible",Limited (see doc),tier2,Restricted (see doc),tier2,Network restricted,Y,,,tier1,Capped (see doc),tier2,5000000,,,,40000,,tier2,tier2,,ok,https://www.vhis.gov.hk/doc/certifiedplan/fp/F00066/F00066-03-000-01-PlanDoc-e.pdf
F00066-04-000-01,1 April 2026,Sun Life Hong Kong Limited,WeHealth Preferred,"HKD80,000 Deductible",Limited (see doc),tier2,Restricted (see doc),tier2,Network restricted,Y,,,tier1,Capped (see doc),tier2,5000000,,,,40000,,tier2,tier2,,ok,https://www.vhis.gov.hk/doc/certifiedplan/fp/F00066/F00066-04-000-01-PlanDoc-e.pdf
F00063-01-000-01,1 April 2026,Sun Life Hong Kong Limited,WeHealth Prestige,HKD0 Deductible,Limited (see doc),tier2,Restricted (see doc),tier2,Network restricted,Y,,,tier1,Capped (see doc),tier2,10000000,,,,40000,,tier2,tier2,,ok,https://www.vhis.gov.hk/doc/certifiedplan/fp/F00063/F00063-01-000-01-PlanDoc-e.pdf
F00063-02-000-01,1 April 2026,Sun Life Hong Kong Limited,WeHealth Prestige,"HKD20,000 Deductible",Limited (see doc),tier2,Restricted (see doc),tier2,Network restricted,Y,,,tier1,Capped (see doc),tier2,10000000,,,,40000,,tier2,tier2,,ok,https://www.vhis.gov.hk/doc/certifiedplan/fp/F00063/F00063-02-000-01-PlanDoc-e.pdf
F00063-03-000-01,1 April 2026,Sun Life Hong Kong Limited,WeHealth Prestige,"HKD50,000 Deductible",Limited (see doc),tier2,Restricted (see doc),tier2,Network restricted,Y,,,tier1,Capped (see doc),tier2,10000000,,,,40000,,tier2,tier2,,ok,https://www.vhis.gov.hk/doc/certifiedplan/fp/F00063/F00063-03-000-01-PlanDoc-e.pdf
F00063-04-000-01,1 April 2026,Sun Life Hong Kong Limited,WeHealth Prestige,"HKD80,000 Deductible",Limited (see doc),tier2,Restricted (see doc),tier2,Network restricted,Y,,,tier1,Capped (see doc),tier2,10000000,,,,40000,,tier2,tier2,,ok,https://www.vhis.gov.hk/doc/certifiedplan/fp/F00063/F00063-04-000-01-PlanDoc-e.pdf
F00042-01-000-02,30 October 2020,Well Link Life Insurance Company Limited,Well Protect Voluntary Health Insurance Scheme (Flexi),Ward,Worldwide,tier1,No restriction,tier1,No restriction,Y,,30,tier1,None,tier1,600000,1000,14000,50000,30000,,tier2,tier1,,ok,https://www.vhis.gov.hk/doc/certifiedplan/fp/F00042/F00042-01-000-02-PlanDoc-e.pdf
F00042-02-000-02,30 October 2020,Well Link Life Insurance Company Limited,Well Protect Voluntary Health Insurance Scheme (Flexi),Semi-Private,Worldwide,tier1,No restriction,tier1,No restriction,Y,,30,tier1,None,tier1,800000,2200,20000,80000,40000,,tier2,tier1,,ok,https://www.vhis.gov.hk/doc/certifiedplan/fp/F00042/F00042-02-000-02-PlanDoc-e.pdf
F00042-03-000-02,30 October 2020,Well Link Life Insurance Company Limited,Well Protect Voluntary Health Insurance Scheme (Flexi),Standard Private,Worldwide,tier1,No restriction,tier1,No restriction,Y,,30,tier1,None,tier1,1200000,4000,30000,120000,50000,,tier2,tier1,,ok,https://www.vhis.gov.hk/doc/certifiedplan/fp/F00042/F00042-03-000-02-PlanDoc-e.pdf
F00020-01-000-03,1 January 2026,YF Life Insurance International Limited,TaxVantage Plus Medical Plan,Plan 1,Worldwide,tier1,No restriction,tier1,No restriction,Y,,30,tier1,None,tier1,600000,1000,15000,70000,34000,,tier2,tier1,,ok,https://www.vhis.gov.hk/doc/certifiedplan/fp/F00020/F00020-01-000-03-PlanDoc-e.pdf
F00020-01-001-03,1 January 2026,YF Life Insurance International Limited,TaxVantage Plus Medical Plan,Plan 1M,Worldwide,tier1,No restriction,tier1,No restriction,Y,,30,tier1,None,tier1,600000,1000,15000,70000,34000,,tier2,tier1,,ok,https://www.vhis.gov.hk/doc/certifiedplan/fp/F00020/F00020-01-001-03-PlanDoc-e.pdf
F00020-02-000-03,1 January 2026,YF Life Insurance International Limited,TaxVantage Plus Medical Plan,Plan 2,Worldwide,tier1,No restriction,tier1,No restriction,Y,,30,tier1,None,tier1,850000,1800,18000,87500,45000,,tier2,tier1,,ok,https://www.vhis.gov.hk/doc/certifiedplan/fp/F00020/F00020-02-000-03-PlanDoc-e.pdf
F00020-02-001-03,1 January 2026,YF Life Insurance International Limited,TaxVantage Plus Medical Plan,Plan 2M,Worldwide,tier1,No restriction,tier1,No restriction,Y,,30,tier1,None,tier1,850000,1800,18000,87500,45000,,tier2,tier1,,ok,https://www.vhis.gov.hk/doc/certifiedplan/fp/F00020/F00020-02-001-03-PlanDoc-e.pdf
F00020-03-000-03,1 January 2026,YF Life Insurance International Limited,TaxVantage Plus Medical Plan,Plan 3,Worldwide,tier1,No restriction,tier1,No restriction,Y,,30,tier1,None,tier1,1350000,3000,23000,112500,60000,,tier2,tier1,,ok,https://www.vhis.gov.hk/doc/certifiedplan/fp/F00020/F00020-03-000-03-PlanDoc-e.pdf
F00020-03-001-03,1 January 2026,YF Life Insurance International Limited,TaxVantage Plus Medical Plan,Plan 3M,Worldwide,tier1,No restriction,tier1,No restriction,Y,,30,tier1,None,tier1,1350000,3000,23000,112500,60000,,tier2,tier1,,ok,https://www.vhis.gov.hk/doc/certifiedplan/fp/F00020/F00020-03-001-03-PlanDoc-e.pdf
F00020-04-000-03,1 January 2026,YF Life Insurance International Limited,TaxVantage Plus Medical Plan,Plan 4,Worldwide,tier1,No restriction,tier1,No restriction,Y,,30,tier1,None,tier1,2000000,5050,35000,147500,80000,,tier2,tier1,,ok,https://www.vhis.gov.hk/doc/certifiedplan/fp/F00020/F00020-04-000-03-PlanDoc-e.pdf
F00020-04-001-03,1 January 2026,YF Life Insurance International Limited,TaxVantage Plus Medical Plan,Plan 4M,Worldwide,tier1,No restriction,tier1,No restriction,Y,,30,tier1,None,tier1,2000000,5050,35000,147500,80000,,tier2,tier1,,ok,https://www.vhis.gov.hk/doc/certifiedplan/fp/F00020/F00020-04-001-03-PlanDoc-e.pdf
F00020-05-000-01,1 January 2026,YF Life Insurance International Limited,TaxVantage Plus Medical Plan,Plan X,Worldwide,tier1,No restriction,tier1,No restriction,Y,,30,tier1,None,tier1,550000,900,14500,65000,30000,,tier2,tier1,,ok,https://www.vhis.gov.hk/doc/certifiedplan/fp/F00020/F00020-05-000-01-PlanDoc-e.pdf
F00020-05-001-01,1 January 2026,YF Life Insurance International Limited,TaxVantage Plus Medical Plan,Plan XM,Worldwide,tier1,No restriction,tier1,No restriction,Y,,30,tier1,None,tier1,550000,900,14500,65000,30000,,tier2,tier1,,ok,https://www.vhis.gov.hk/doc/certifiedplan/fp/F00020/F00020-05-001-01-PlanDoc-e.pdf
F00065-01-000-02,1 January 2026,YF Life Insurance International Limited,TaxVantage Prestige Medical Plan,HKD0 Deductible,Limited (see doc),tier2,Restricted (see doc),tier2,No restriction,Y,,0,tier1,Capped (see doc),tier2,12000000,,,,40000,,tier2,tier2,,ok,https://www.vhis.gov.hk/doc/certifiedplan/fp/F00065/F00065-01-000-02-PlanDoc-e.pdf
F00065-02-000-02,1 January 2026,YF Life Insurance International Limited,TaxVantage Prestige Medical Plan,"HKD15,000 Deductible",Limited (see doc),tier2,Restricted (see doc),tier2,No restriction,Y,,0,tier1,Capped (see doc),tier2,12000000,,,,40000,,tier2,tier2,,ok,https://www.vhis.gov.hk/doc/certifiedplan/fp/F00065/F00065-02-000-02-PlanDoc-e.pdf
F00065-03-000-02,1 January 2026,YF Life Insurance International Limited,TaxVantage Prestige Medical Plan,"HKD30,000 Deductible",Limited (see doc),tier2,Restricted (see doc),tier2,No restriction,Y,,0,tier1,Capped (see doc),tier2,12000000,,,,40000,,tier2,tier2,,ok,https://www.vhis.gov.hk/doc/certifiedplan/fp/F00065/F00065-03-000-02-PlanDoc-e.pdf
F00065-04-000-02,1 January 2026,YF Life Insurance International Limited,TaxVantage Prestige Medical Plan,"HKD100,000 Deductible",Limited (see doc),tier2,Restricted (see doc),tier2,No restriction,Y,,0,tier1,Capped (see doc),tier2,12000000,,,,40000,,tier2,tier2,,ok,https://www.vhis.gov.hk/doc/certifiedplan/fp/F00065/F00065-04-000-02-PlanDoc-e.pdf
F00080-01-000-01,1 January 2026,YF Life Insurance International Limited,TaxVantage PrimeChoice Medical Plan,Plan 1,Worldwide,tier1,No restriction,tier1,No restriction,Y,,30,tier1,None,tier1,550000,1000,14500,60000,30000,,tier2,tier1,,ok,https://www.vhis.gov.hk/doc/certifiedplan/fp/F00080/F00080-01-000-01-PlanDoc-e.pdf
F00080-01-001-01,1 January 2026,YF Life Insurance International Limited,TaxVantage PrimeChoice Medical Plan,Plan 1M,Worldwide,tier1,No restriction,tier1,No restriction,Y,,30,tier1,None,tier1,550000,1000,14500,60000,30000,,tier2,tier1,,ok,https://www.vhis.gov.hk/doc/certifiedplan/fp/F00080/F00080-01-001-01-PlanDoc-e.pdf
F00080-02-000-01,1 January 2026,YF Life Insurance International Limited,TaxVantage PrimeChoice Medical Plan,Plan 1+,Worldwide,tier1,No restriction,tier1,No restriction,Y,,30,tier1,None,tier1,600000,1200,16000,70000,34000,,tier2,tier1,,ok,https://www.vhis.gov.hk/doc/certifiedplan/fp/F00080/F00080-02-000-01-PlanDoc-e.pdf
F00080-02-001-01,1 January 2026,YF Life Insurance International Limited,TaxVantage PrimeChoice Medical Plan,Plan 1M+,Worldwide,tier1,No restriction,tier1,No restriction,Y,,30,tier1,None,tier1,600000,1200,16000,70000,34000,,tier2,tier1,,ok,https://www.vhis.gov.hk/doc/certifiedplan/fp/F00080/F00080-02-001-01-PlanDoc-e.pdf
F00080-03-000-01,1 January 2026,YF Life Insurance International Limited,TaxVantage PrimeChoice Medical Plan,Plan 2,Worldwide,tier1,No restriction,tier1,No restriction,Y,,30,tier1,None,tier1,850000,2200,21000,85000,45000,,tier2,tier1,,ok,https://www.vhis.gov.hk/doc/certifiedplan/fp/F00080/F00080-03-000-01-PlanDoc-e.pdf
F00080-03-001-01,1 January 2026,YF Life Insurance International Limited,TaxVantage PrimeChoice Medical Plan,Plan 2M,Worldwide,tier1,No restriction,tier1,No restriction,Y,,30,tier1,None,tier1,850000,2200,21000,85000,45000,,tier2,tier1,,ok,https://www.vhis.gov.hk/doc/certifiedplan/fp/F00080/F00080-03-001-01-PlanDoc-e.pdf
F00080-04-000-01,1 January 2026,YF Life Insurance International Limited,TaxVantage PrimeChoice Medical Plan,Plan 3,Worldwide,tier1,No restriction,tier1,No restriction,Y,,30,tier1,None,tier1,2000000,4000,35000,120000,60000,,tier2,tier1,,ok,https://www.vhis.gov.hk/doc/certifiedplan/fp/F00080/F00080-04-000-01-PlanDoc-e.pdf
F00080-04-001-01,1 January 2026,YF Life Insurance International Limited,TaxVantage PrimeChoice Medical Plan,Plan 3M,Worldwide,tier1,No restriction,tier1,No restriction,Y,,30,tier1,None,tier1,2000000,4000,35000,120000,60000,,tier2,tier1,,ok,https://www.vhis.gov.hk/doc/certifiedplan/fp/F00080/F00080-04-001-01-PlanDoc-e.pdf
F00036-01-000-02,19 March 2021,Zurich Insurance Company Ltd,HealthFlexi Plus Voluntary Health Insurance Plan,HKD0 Deductible (Asia),Limited (see doc),tier2,Restricted (see doc),tier2,No restriction,Y,,30,tier1,Capped (see doc),tier2,6000000,,,,,,tier2,tier2,,ok,https://www.vhis.gov.hk/doc/certifiedplan/fp/F00036/F00036-01-000-02-PlanDoc-e.pdf
F00036-02-000-02,19 March 2021,Zurich Insurance Company Ltd,HealthFlexi Plus Voluntary Health Insurance Plan,"HKD60,000 Deductible (Asia)",Limited (see doc),tier2,Restricted (see doc),tier2,No restriction,Y,,30,tier1,Capped (see doc),tier2,6000000,,,,,,tier2,tier2,,ok,https://www.vhis.gov.hk/doc/certifiedplan/fp/F00036/F00036-02-000-02-PlanDoc-e.pdf
F00036-03-000-02,19 March 2021,Zurich Insurance Company Ltd,HealthFlexi Plus Voluntary Health Insurance Plan,"HKD90,000 Deductible (Asia)",Limited (see doc),tier2,Restricted (see doc),tier2,No restriction,Y,,30,tier1,Capped (see doc),tier2,6000000,,,,,,tier2,tier2,,ok,https://www.vhis.gov.hk/doc/certifiedplan/fp/F00036/F00036-03-000-02-PlanDoc-e.pdf
F00036-04-000-02,19 March 2021,Zurich Insurance Company Ltd,HealthFlexi Plus Voluntary Health Insurance Plan,"HKD150,000 Deductible (Asia)",Limited (see doc),tier2,Restricted (see doc),tier2,No restriction,Y,,30,tier1,Capped (see doc),tier2,6000000,,,,,,tier2,tier2,,ok,https://www.vhis.gov.hk/doc/certifiedplan/fp/F00036/F00036-04-000-02-PlanDoc-e.pdf
F00036-05-000-02,19 March 2021,Zurich Insurance Company Ltd,HealthFlexi Plus Voluntary Health Insurance Plan,HKD0 Deductible (Worldwide excluding the U.S.),Limited (see doc),tier2,Restricted (see doc),tier2,No restriction,Y,,30,tier1,Capped (see doc),tier2,6000000,,,,,,tier2,tier2,,ok,https://www.vhis.gov.hk/doc/certifiedplan/fp/F00036/F00036-05-000-02-PlanDoc-e.pdf
F00036-06-000-02,19 March 2021,Zurich Insurance Company Ltd,HealthFlexi Plus Voluntary Health Insurance Plan,"HKD60,000 Deductible (Worldwide excluding the U.S.)",Limited (see doc),tier2,Restricted (see doc),tier2,No restriction,Y,,30,tier1,Capped (see doc),tier2,6000000,,,,,,tier2,tier2,,ok,https://www.vhis.gov.hk/doc/certifiedplan/fp/F00036/F00036-06-000-02-PlanDoc-e.pdf
F00036-07-000-02,19 March 2021,Zurich Insurance Company Ltd,HealthFlexi Plus Voluntary Health Insurance Plan,"HKD90,000 Deductible (Worldwide excluding the U.S.)",Limited (see doc),tier2,Restricted (see doc),tier2,No restriction,Y,,30,tier1,Capped (see doc),tier2,6000000,,,,,,tier2,tier2,,ok,https://www.vhis.gov.hk/doc/certifiedplan/fp/F00036/F00036-07-000-02-PlanDoc-e.pdf
F00036-08-000-02,19 March 2021,Zurich Insurance Company Ltd,HealthFlexi Plus Voluntary Health Insurance Plan,"HKD150,000 Deductible (Worldwide excluding the U.S.)",Limited (see doc),tier2,Restricted (see doc),tier2,No restriction,Y,,30,tier1,Capped (see doc),tier2,6000000,,,,,,tier2,tier2,,ok,https://www.vhis.gov.hk/doc/certifiedplan/fp/F00036/F00036-08-000-02-PlanDoc-e.pdf
F00044-01-000-02,19 March 2021,Zurich Insurance Company Ltd,HealthFlexi Voluntary Health Insurance Plan,Essential,Worldwide,tier1,No restriction,tier1,No restriction,Y,,30,tier1,None,tier1,550000,900,16000,54000,30000,,tier2,tier1,,ok,https://www.vhis.gov.hk/doc/certifiedplan/fp/F00044/F00044-01-000-02-PlanDoc-e.pdf
F00044-01-001-02,19 March 2021,Zurich Insurance Company Ltd,HealthFlexi Voluntary Health Insurance Plan,Essential with SMM,Worldwide,tier1,No restriction,tier1,No restriction,Y,,30,tier1,None,tier1,550000,900,16000,54000,30000,,tier2,tier1,,ok,https://www.vhis.gov.hk/doc/certifiedplan/fp/F00044/F00044-01-001-02-PlanDoc-e.pdf
F00044-02-000-02,19 March 2021,Zurich Insurance Company Ltd,HealthFlexi Voluntary Health Insurance Plan,Advanced,Worldwide,tier1,No restriction,tier1,No restriction,Y,,30,tier1,None,tier1,750000,1800,24000,80000,30000,,tier2,tier1,,ok,https://www.vhis.gov.hk/doc/certifiedplan/fp/F00044/F00044-02-000-02-PlanDoc-e.pdf
F00044-02-001-02,19 March 2021,Zurich Insurance Company Ltd,HealthFlexi Voluntary Health Insurance Plan,Advanced with SMM,Worldwide,tier1,No restriction,tier1,No restriction,Y,,30,tier1,None,tier1,750000,1800,24000,80000,30000,,tier2,tier1,,ok,https://www.vhis.gov.hk/doc/certifiedplan/fp/F00044/F00044-02-001-02-PlanDoc-e.pdf
